{
    "root_group": {
        "path": "",
        "id": "d41d8cd98f00b204e9800998ecf8427e",
        "groups": {},
        "checks": {
                "status is 200": {
                    "name": "status is 200",
                    "path": "::status is 200",
                    "id": "6210a8cd14cd70477eba5c5e4cb3fb5f",
                    "passes": 25981,
                    "fails": 0
                }
            },
        "name": ""
    },
    "metrics": {
        "http_req_blocked": {
            "min": 0.000552,
            "med": 0.002308,
            "max": 0.684634,
            "p(90)": 0.0037,
            "p(95)": 0.004171,
            "p(99)": 0.008998200000000005,
            "avg": 0.003028881297871518
        },
        "http_req_duration": {
            "p(99)": 46.513865,
            "avg": 46.12495087875753,
            "min": 45.257983,
            "med": 45.933219,
            "max": 228.90175,
            "p(90)": 46.16857,
            "p(95)": 46.251528,
            "thresholds": {
                "p(95)<200": false,
                "p(99)<500": false
            }
        },
        "http_req_receiving": {
            "p(90)": 0.062359,
            "p(95)": 0.124588,
            "p(99)": 0.2904994000000002,
            "avg": 0.0450273390169737,
            "min": 0.006979,
            "med": 0.030486,
            "max": 30.079313
        },
        "violation_100ms": {
            "passes": 40,
            "fails": 25941,
            "thresholds": {
                "rate<0.05": false
            },
            "value": 0.0015395866209922636
        },
        "violation_80ms": {
            "passes": 40,
            "fails": 25941,
            "thresholds": {
                "rate<0.10": false
            },
            "value": 0.0015395866209922636
        },
        "checks": {
            "passes": 25981,
            "fails": 0,
            "value": 1
        },
        "iterations": {
            "count": 25981,
            "rate": 432.6928366794233
        },
        "http_req_failed": {
            "fails": 25981,
            "passes": 0,
            "thresholds": {
                "rate<0.01": false
            },
            "value": 0
        },
        "http_req_tls_handshaking": {
            "avg": 0,
            "min": 0,
            "med": 0,
            "max": 0,
            "p(90)": 0,
            "p(95)": 0,
            "p(99)": 0
        },
        "data_sent": {
            "count": 1818670,
            "rate": 30288.498567559633
        },
        "vus_max": {
            "value": 20,
            "min": 20,
            "max": 20
        },
        "http_req_waiting": {
            "med": 45.884138,
            "max": 228.810505,
            "p(90)": 46.111957,
            "p(95)": 46.186575,
            "p(99)": 46.3938816,
            "avg": 46.07023552757786,
            "min": 45.219868
        },
        "http_req_sending": {
            "med": 0.006695,
            "max": 0.674556,
            "p(90)": 0.01172,
            "p(95)": 0.013789,
            "p(99)": 0.07789700000000022,
            "avg": 0.0096880121627343,
            "min": 0.001739
        },
        "data_received": {
            "rate": 369085.3242672922,
            "count": 22161693
        },
        "violation_60ms": {
            "passes": 41,
            "fails": 25940,
            "thresholds": {
                "rate<0.20": false
            },
            "value": 0.0015780762865170701
        },
        "http_req_connecting": {
            "med": 0,
            "max": 0.191441,
            "p(90)": 0,
            "p(95)": 0,
            "p(99)": 0,
            "avg": 0.00014423571071167388,
            "min": 0
        },
        "http_reqs": {
            "count": 25981,
            "rate": 432.6928366794233
        },
        "http_req_duration{expected_response:true}": {
            "max": 228.90175,
            "p(90)": 46.16857,
            "p(95)": 46.251528,
            "p(99)": 46.513865,
            "avg": 46.12495087875753,
            "min": 45.257983,
            "med": 45.933219
        },
        "iteration_duration": {
            "med": 46.016286,
            "max": 229.19429,
            "p(90)": 46.259722,
            "p(95)": 46.35505,
            "p(99)": 46.6595124,
            "avg": 46.21165207628659,
            "min": 45.309495
        },
        "vus": {
            "min": 20,
            "max": 20,
            "value": 20
        }
    }
}