{
    "root_group": {
        "name": "",
        "path": "",
        "id": "d41d8cd98f00b204e9800998ecf8427e",
        "groups": {},
        "checks": {
                "status is 200": {
                    "fails": 0,
                    "name": "status is 200",
                    "path": "::status is 200",
                    "id": "6210a8cd14cd70477eba5c5e4cb3fb5f",
                    "passes": 25992
                }
            }
    },
    "metrics": {
        "iterations": {
            "count": 25992,
            "rate": 432.87367029092127
        },
        "http_req_tls_handshaking": {
            "avg": 0,
            "min": 0,
            "med": 0,
            "max": 0,
            "p(90)": 0,
            "p(95)": 0,
            "p(99)": 0
        },
        "http_req_failed": {
            "fails": 25992,
            "passes": 0,
            "thresholds": {
                "rate<0.01": false
            },
            "value": 0
        },
        "http_req_receiving": {
            "p(95)": 0.11201764999999995,
            "p(99)": 0.25400997,
            "avg": 0.0404270564789162,
            "min": 0.006631,
            "med": 0.0298865,
            "max": 0.797758,
            "p(90)": 0.05976940000000001
        },
        "http_req_duration": {
            "max": 228.523745,
            "p(90)": 46.1555223,
            "p(95)": 46.246504449999996,
            "p(99)": 46.55234704,
            "avg": 46.10784582113732,
            "min": 45.178947,
            "med": 45.915793,
            "thresholds": {
                "p(99)<500": false,
                "p(95)<200": false
            }
        },
        "violation_100ms": {
            "passes": 40,
            "fails": 25952,
            "thresholds": {
                "rate<0.05": false
            },
            "value": 0.0015389350569405972
        },
        "violation_60ms": {
            "passes": 42,
            "fails": 25950,
            "thresholds": {
                "rate<0.20": false
            },
            "value": 0.001615881809787627
        },
        "http_req_sending": {
            "min": 0.001605,
            "med": 0.0064875,
            "max": 0.547594,
            "p(90)": 0.011138800000000003,
            "p(95)": 0.01326779999999999,
            "p(99)": 0.08082851,
            "avg": 0.009160497922437696
        },
        "iteration_duration": {
            "p(90)": 46.2514439,
            "p(95)": 46.35179465,
            "p(99)": 46.67661507,
            "avg": 46.19246407379179,
            "min": 45.263294,
            "med": 46.000439,
            "max": 228.782191
        },
        "http_req_waiting": {
            "min": 45.155151,
            "med": 45.8673955,
            "max": 228.45358,
            "p(90)": 46.1037159,
            "p(95)": 46.18195895,
            "p(99)": 46.45622867,
            "avg": 46.05825826673618
        },
        "vus_max": {
            "value": 20,
            "min": 20,
            "max": 20
        },
        "http_req_duration{expected_response:true}": {
            "p(99)": 46.55234704,
            "avg": 46.10784582113732,
            "min": 45.178947,
            "med": 45.915793,
            "max": 228.523745,
            "p(90)": 46.1555223,
            "p(95)": 46.246504449999996
        },
        "http_req_connecting": {
            "avg": 0.00013653127885503228,
            "min": 0,
            "med": 0,
            "max": 0.175498,
            "p(90)": 0,
            "p(95)": 0,
            "p(99)": 0
        },
        "http_req_blocked": {
            "p(90)": 0.0036389000000000013,
            "p(95)": 0.004133449999999997,
            "p(99)": 0.009195060000000005,
            "avg": 0.002892605417051411,
            "min": 0.000558,
            "med": 0.002264,
            "max": 0.487397
        },
        "data_received": {
            "count": 22171076,
            "rate": 369239.57534698973
        },
        "violation_80ms": {
            "passes": 40,
            "fails": 25952,
            "thresholds": {
                "rate<0.10": false
            },
            "value": 0.0015389350569405972
        },
        "checks": {
            "passes": 25992,
            "fails": 0,
            "value": 1
        },
        "data_sent": {
            "count": 1819440,
            "rate": 30301.15692036449
        },
        "vus": {
            "value": 20,
            "min": 20,
            "max": 20
        },
        "http_reqs": {
            "count": 25992,
            "rate": 432.87367029092127
        }
    }
}