{
    "metrics": {
        "http_req_waiting": {
            "p(95)": 241.81513779999997,
            "p(99)": 397.6875384000001,
            "avg": 154.94442795857944,
            "min": 46.86605,
            "med": 143.926011,
            "max": 502.217953,
            "p(90)": 206.74883799999998
        },
        "http_req_connecting": {
            "avg": 0.00020402110368331365,
            "min": 0,
            "med": 0,
            "max": 0.151579,
            "p(90)": 0,
            "p(95)": 0,
            "p(99)": 0
        },
        "iteration_duration": {
            "avg": 157.5063037670732,
            "min": 51.976133,
            "med": 146.667988,
            "max": 502.300294,
            "p(90)": 208.5730776,
            "p(95)": 243.44425199999992,
            "p(99)": 399.8396366000002
        },
        "vus": {
            "max": 20,
            "value": 20,
            "min": 20
        },
        "violation_80ms": {
            "passes": 7541,
            "fails": 88,
            "thresholds": {
                "rate<0.10": true
            },
            "value": 0.9884650675055708
        },
        "http_req_blocked": {
            "med": 0.002151,
            "max": 0.189866,
            "p(90)": 0.002937,
            "p(95)": 0.003312,
            "p(99)": 0.006265280000000006,
            "avg": 0.002585252326648315,
            "min": 0.000614
        },
        "http_req_tls_handshaking": {
            "avg": 0,
            "min": 0,
            "med": 0,
            "max": 0,
            "p(90)": 0,
            "p(95)": 0,
            "p(99)": 0
        },
        "http_req_receiving": {
            "p(99)": 43.41082580000008,
            "avg": 2.4829647880456185,
            "min": 0.007749,
            "med": 0.032541,
            "max": 190.823091,
            "p(90)": 5.096220199999992,
            "p(95)": 20.575835799999986
        },
        "checks": {
            "passes": 7629,
            "fails": 0,
            "value": 1
        },
        "http_req_failed": {
            "fails": 7629,
            "passes": 0,
            "thresholds": {
                "rate<0.01": false
            },
            "value": 0
        },
        "iterations": {
            "count": 7629,
            "rate": 126.79687012076838
        },
        "violation_100ms": {
            "passes": 7163,
            "fails": 466,
            "thresholds": {
                "rate<0.05": true
            },
            "value": 0.9389172892908638
        },
        "violation_60ms": {
            "passes": 7621,
            "fails": 8,
            "thresholds": {
                "rate<0.20": true
            },
            "value": 0.9989513697732337
        },
        "http_reqs": {
            "count": 7629,
            "rate": 126.79687012076838
        },
        "http_req_duration{expected_response:true}": {
            "p(95)": 243.3737499999999,
            "p(99)": 399.7730876800002,
            "avg": 157.4342372923059,
            "min": 51.923751,
            "med": 146.607073,
            "max": 502.251312,
            "p(90)": 208.5034348
        },
        "vus_max": {
            "value": 20,
            "min": 20,
            "max": 20
        },
        "http_req_sending": {
            "p(90)": 0.0088458,
            "p(95)": 0.010163599999999998,
            "p(99)": 0.01754336000000001,
            "avg": 0.006844545680954263,
            "min": 0.002155,
            "med": 0.006327,
            "max": 0.262723
        },
        "data_sent": {
            "count": 534030,
            "rate": 8875.780908453786
        },
        "http_req_duration": {
            "med": 146.607073,
            "max": 502.251312,
            "p(90)": 208.5034348,
            "p(95)": 243.3737499999999,
            "p(99)": 399.7730876800002,
            "avg": 157.4342372923059,
            "min": 51.923751,
            "thresholds": {
                "p(95)<200": true,
                "p(99)<500": false
            }
        },
        "data_received": {
            "count": 6507537,
            "rate": 108157.73021301543
        }
    },
    "root_group": {
        "name": "",
        "path": "",
        "id": "d41d8cd98f00b204e9800998ecf8427e",
        "groups": {},
        "checks": {
                "status is 200": {
                    "id": "6210a8cd14cd70477eba5c5e4cb3fb5f",
                    "passes": 7629,
                    "fails": 0,
                    "name": "status is 200",
                    "path": "::status is 200"
                }
            }
    }
}