{
    "root_group": {
        "name": "",
        "path": "",
        "id": "d41d8cd98f00b204e9800998ecf8427e",
        "groups": {},
        "checks": {
                "status is 200": {
                    "name": "status is 200",
                    "path": "::status is 200",
                    "id": "6210a8cd14cd70477eba5c5e4cb3fb5f",
                    "passes": 7554,
                    "fails": 0
                }
            }
    },
    "metrics": {
        "data_sent": {
            "count": 528780,
            "rate": 8796.603224393893
        },
        "http_req_waiting": {
            "avg": 156.4209591252309,
            "min": 50.994668,
            "med": 144.845282,
            "max": 498.482451,
            "p(90)": 203.4789031,
            "p(95)": 278.2172079999992,
            "p(99)": 414.33564509
        },
        "iterations": {
            "count": 7554,
            "rate": 125.6657603484842
        },
        "vus": {
            "min": 20,
            "max": 20,
            "value": 20
        },
        "http_reqs": {
            "count": 7554,
            "rate": 125.6657603484842
        },
        "http_req_blocked": {
            "avg": 0.002773483187715128,
            "min": 0.000765,
            "med": 0.002145,
            "max": 0.243623,
            "p(90)": 0.00295,
            "p(95)": 0.003353099999999997,
            "p(99)": 0.006178430000000043
        },
        "violation_60ms": {
            "fails": 3,
            "passes": 7551,
            "thresholds": {
                "rate<0.20": true
            },
            "value": 0.9996028594122319
        },
        "violation_80ms": {
            "passes": 7495,
            "fails": 59,
            "thresholds": {
                "rate<0.10": true
            },
            "value": 0.9921895684405613
        },
        "http_req_duration": {
            "avg": 158.8754359540631,
            "min": 51.016556,
            "med": 147.3514145,
            "max": 498.574106,
            "p(90)": 205.5403336,
            "p(95)": 283.2690766999978,
            "p(99)": 415.13869448000014,
            "thresholds": {
                "p(95)<200": true,
                "p(99)<500": false
            }
        },
        "http_req_duration{expected_response:true}": {
            "p(90)": 205.5403336,
            "p(95)": 283.2690766999978,
            "p(99)": 415.13869448000014,
            "avg": 158.8754359540631,
            "min": 51.016556,
            "med": 147.3514145,
            "max": 498.574106
        },
        "http_req_tls_handshaking": {
            "p(95)": 0,
            "p(99)": 0,
            "avg": 0,
            "min": 0,
            "med": 0,
            "max": 0,
            "p(90)": 0
        },
        "violation_100ms": {
            "passes": 7098,
            "fails": 456,
            "thresholds": {
                "rate<0.05": true
            },
            "value": 0.9396346306592533
        },
        "http_req_failed": {
            "passes": 0,
            "fails": 7554,
            "thresholds": {
                "rate<0.01": false
            },
            "value": 0
        },
        "http_req_receiving": {
            "avg": 2.447289980142976,
            "min": 0.007653,
            "med": 0.0320705,
            "max": 255.585451,
            "p(90)": 5.0890266999999865,
            "p(95)": 19.886439949999914,
            "p(99)": 42.37357675000001
        },
        "checks": {
            "passes": 7554,
            "fails": 0,
            "value": 1
        },
        "iteration_duration": {
            "min": 51.061467,
            "med": 147.43206049999998,
            "max": 498.827529,
            "p(90)": 205.6023441,
            "p(95)": 283.3367700999978,
            "p(99)": 415.2016905000001,
            "avg": 158.94823004222948
        },
        "http_req_connecting": {
            "med": 0,
            "max": 0.206453,
            "p(90)": 0,
            "p(95)": 0,
            "p(99)": 0,
            "avg": 0.0003005469949695526,
            "min": 0
        },
        "data_received": {
            "count": 6443562,
            "rate": 107192.89357725701
        },
        "vus_max": {
            "value": 20,
            "min": 20,
            "max": 20
        },
        "http_req_sending": {
            "p(95)": 0.010577449999999995,
            "p(99)": 0.020607640000000003,
            "avg": 0.007186848689436041,
            "min": 0.002197,
            "med": 0.006333,
            "max": 0.268156,
            "p(90)": 0.0089697
        }
    }
}