{
    "metrics": {
        "http_req_waiting": {
            "med": 45.822795,
            "max": 228.245828,
            "p(90)": 46.0863532,
            "p(95)": 46.1601213,
            "p(99)": 46.342261560000004,
            "avg": 46.02153337241891,
            "min": 45.212185
        },
        "checks": {
            "passes": 26003,
            "fails": 0,
            "value": 1
        },
        "vus": {
            "value": 20,
            "min": 20,
            "max": 20
        },
        "data_sent": {
            "count": 1820210,
            "rate": 30325.688458343622
        },
        "violation_80ms": {
            "fails": 25963,
            "passes": 40,
            "thresholds": {
                "rate<0.10": false
            },
            "value": 0.0015382840441487522
        },
        "http_reqs": {
            "count": 26003,
            "rate": 433.2241208334803
        },
        "http_req_blocked": {
            "max": 0.623364,
            "p(90)": 0.0036477999999999997,
            "p(95)": 0.004177,
            "p(99)": 0.010561619999999992,
            "avg": 0.0030156638464792825,
            "min": 0.00051,
            "med": 0.002279
        },
        "http_req_connecting": {
            "med": 0,
            "max": 0.247715,
            "p(90)": 0,
            "p(95)": 0,
            "p(99)": 0,
            "avg": 0.00013850324962504326,
            "min": 0
        },
        "http_req_sending": {
            "avg": 0.009354896781140687,
            "min": 0.001427,
            "med": 0.00651,
            "max": 0.618025,
            "p(90)": 0.011370399999999998,
            "p(95)": 0.01343449999999999,
            "p(99)": 0.08269077999999999
        },
        "http_req_receiving": {
            "p(99)": 0.24384403999999998,
            "avg": 0.03963229461985149,
            "min": 0.006831,
            "med": 0.030065,
            "max": 1.017036,
            "p(90)": 0.05795199999999999,
            "p(95)": 0.09365919999999996
        },
        "http_req_duration": {
            "p(95)": 46.216327400000004,
            "p(99)": 46.4499071,
            "avg": 46.0705205638198,
            "min": 45.233978,
            "med": 45.87224,
            "max": 228.379126,
            "p(90)": 46.1353868,
            "thresholds": {
                "p(95)<200": false,
                "p(99)<500": false
            }
        },
        "http_req_duration{expected_response:true}": {
            "p(99)": 46.4499071,
            "avg": 46.0705205638198,
            "min": 45.233978,
            "med": 45.87224,
            "max": 228.379126,
            "p(90)": 46.1353868,
            "p(95)": 46.216327400000004
        },
        "iterations": {
            "rate": 433.2241208334803,
            "count": 26003
        },
        "http_req_tls_handshaking": {
            "p(90)": 0,
            "p(95)": 0,
            "p(99)": 0,
            "avg": 0,
            "min": 0,
            "med": 0,
            "max": 0
        },
        "iteration_duration": {
            "max": 228.699884,
            "p(90)": 46.2248342,
            "p(95)": 46.3134357,
            "p(99)": 46.594083340000005,
            "avg": 46.15524030227314,
            "min": 45.273314,
            "med": 45.95648
        },
        "http_req_failed": {
            "passes": 0,
            "fails": 26003,
            "thresholds": {
                "rate<0.01": false
            },
            "value": 0
        },
        "violation_60ms": {
            "passes": 43,
            "fails": 25960,
            "thresholds": {
                "rate<0.20": false
            },
            "value": 0.0016536553474599085
        },
        "data_received": {
            "count": 22180459,
            "rate": 369538.50901657715
        },
        "violation_100ms": {
            "passes": 40,
            "fails": 25963,
            "thresholds": {
                "rate<0.05": false
            },
            "value": 0.0015382840441487522
        },
        "vus_max": {
            "min": 20,
            "max": 20,
            "value": 20
        }
    },
    "root_group": {
        "path": "",
        "id": "d41d8cd98f00b204e9800998ecf8427e",
        "groups": {},
        "checks": {
                "status is 200": {
                    "name": "status is 200",
                    "path": "::status is 200",
                    "id": "6210a8cd14cd70477eba5c5e4cb3fb5f",
                    "passes": 26003,
                    "fails": 0
                }
            },
        "name": ""
    }
}