{
    "root_group": {
        "name": "",
        "path": "",
        "id": "d41d8cd98f00b204e9800998ecf8427e",
        "groups": {},
        "checks": {
                "status is 200": {
                    "name": "status is 200",
                    "path": "::status is 200",
                    "id": "6210a8cd14cd70477eba5c5e4cb3fb5f",
                    "passes": 7669,
                    "fails": 0
                }
            }
    },
    "metrics": {
        "iterations": {
            "count": 7669,
            "rate": 127.59141722314436
        },
        "violation_100ms": {
            "fails": 446,
            "passes": 7223,
            "thresholds": {
                "rate<0.05": true
            },
            "value": 0.9418437866736211
        },
        "vus_max": {
            "max": 20,
            "value": 20,
            "min": 20
        },
        "http_reqs": {
            "count": 7669,
            "rate": 127.59141722314436
        },
        "http_req_connecting": {
            "min": 0,
            "med": 0,
            "max": 0.276478,
            "p(90)": 0,
            "p(95)": 0,
            "p(99)": 0,
            "avg": 0.00029732051114878086
        },
        "http_req_sending": {
            "min": 0.001877,
            "med": 0.006415,
            "max": 0.337495,
            "p(90)": 0.008997,
            "p(95)": 0.010415999999999998,
            "p(99)": 0.01897279999999992,
            "avg": 0.007087431868561736
        },
        "vus": {
            "value": 20,
            "min": 20,
            "max": 20
        },
        "http_req_duration": {
            "p(99)": 386.8284888799988,
            "avg": 156.5587700790196,
            "min": 50.118789,
            "med": 147.876863,
            "max": 558.245542,
            "p(90)": 207.53577959999998,
            "p(95)": 230.78369119999994,
            "thresholds": {
                "p(99)<500": false,
                "p(95)<200": true
            }
        },
        "violation_80ms": {
            "passes": 7606,
            "fails": 63,
            "thresholds": {
                "rate<0.10": true
            },
            "value": 0.9917851088799061
        },
        "http_req_receiving": {
            "p(99)": 43.67937788,
            "avg": 2.790324488199246,
            "min": 0.008624,
            "med": 0.03234,
            "max": 423.008296,
            "p(90)": 7.837314599999998,
            "p(95)": 20.52154579999995
        },
        "iteration_duration": {
            "med": 147.953056,
            "max": 558.30931,
            "p(90)": 207.6105852,
            "p(95)": 230.84909979999992,
            "p(99)": 386.8918969599988,
            "avg": 156.6300781805968,
            "min": 50.173512
        },
        "http_req_waiting": {
            "p(90)": 204.09670899999998,
            "p(95)": 226.67990299999994,
            "p(99)": 378.5923073199993,
            "avg": 153.7613581589515,
            "min": 50.083749,
            "med": 145.449576,
            "max": 558.211954
        },
        "http_req_failed": {
            "passes": 0,
            "fails": 7669,
            "thresholds": {
                "rate<0.01": false
            },
            "value": 0
        },
        "http_req_tls_handshaking": {
            "min": 0,
            "med": 0,
            "max": 0,
            "p(90)": 0,
            "p(95)": 0,
            "p(99)": 0,
            "avg": 0
        },
        "violation_60ms": {
            "passes": 7664,
            "fails": 5,
            "thresholds": {
                "rate<0.20": true
            },
            "value": 0.9993480245142783
        },
        "http_req_blocked": {
            "max": 0.302056,
            "p(90)": 0.00294,
            "p(95)": 0.0033287999999999955,
            "p(99)": 0.006099479999999982,
            "avg": 0.00266786230277741,
            "min": 0.000651,
            "med": 0.002142
        },
        "data_sent": {
            "rate": 8931.399205620106,
            "count": 536830
        },
        "data_received": {
            "count": 6541657,
            "rate": 108835.47889134214
        },
        "checks": {
            "passes": 7669,
            "fails": 0,
            "value": 1
        },
        "http_req_duration{expected_response:true}": {
            "avg": 156.5587700790196,
            "min": 50.118789,
            "med": 147.876863,
            "max": 558.245542,
            "p(90)": 207.53577959999998,
            "p(95)": 230.78369119999994,
            "p(99)": 386.8284888799988
        }
    }
}