{
    "metrics": {
        "vus": {
            "value": 20,
            "min": 20,
            "max": 20
        },
        "violation_80ms": {
            "fails": 38615,
            "passes": 40,
            "thresholds": {
                "rate<0.10": false
            },
            "value": 0.001034794981244341
        },
        "http_req_blocked": {
            "med": 0.002142,
            "max": 0.792971,
            "p(90)": 0.0035365999999999987,
            "p(95)": 0.004052,
            "p(99)": 0.007928219999999995,
            "avg": 0.002817957728625011,
            "min": 0.000517
        },
        "http_req_sending": {
            "min": 0.001537,
            "med": 0.006142,
            "max": 1.145154,
            "p(90)": 0.010865,
            "p(95)": 0.012741299999999995,
            "p(99)": 0.06833239999999992,
            "avg": 0.00861668798344321
        },
        "http_req_waiting": {
            "p(99)": 31.323690799999998,
            "avg": 30.909354951675287,
            "min": 30.194488,
            "med": 30.836947,
            "max": 143.219658,
            "p(90)": 31.068225,
            "p(95)": 31.138574199999997
        },
        "http_req_duration": {
            "p(90)": 31.1175972,
            "p(95)": 31.193489,
            "p(99)": 31.4270326,
            "avg": 30.95683643709741,
            "min": 30.213671,
            "med": 30.882803,
            "max": 143.386946,
            "thresholds": {
                "p(95)<200": false,
                "p(99)<500": false
            }
        },
        "checks": {
            "passes": 38655,
            "fails": 0,
            "value": 1
        },
        "data_sent": {
            "count": 2705850,
            "rate": 45094.10638214717
        },
        "violation_100ms": {
            "passes": 27,
            "fails": 38628,
            "thresholds": {
                "rate<0.05": false
            },
            "value": 0.0006984866123399302
        },
        "violation_60ms": {
            "passes": 40,
            "fails": 38615,
            "thresholds": {
                "rate<0.20": false
            },
            "value": 0.001034794981244341
        },
        "http_req_failed": {
            "passes": 0,
            "fails": 38655,
            "thresholds": {
                "rate<0.01": false
            },
            "value": 0
        },
        "data_received": {
            "count": 32972615,
            "rate": 549502.2298012016
        },
        "http_req_tls_handshaking": {
            "p(90)": 0,
            "p(95)": 0,
            "p(99)": 0,
            "avg": 0,
            "min": 0,
            "med": 0,
            "max": 0
        },
        "vus_max": {
            "value": 20,
            "min": 20,
            "max": 20
        },
        "http_reqs": {
            "count": 38655,
            "rate": 644.2015197449596
        },
        "http_req_connecting": {
            "med": 0,
            "max": 0.419343,
            "p(90)": 0,
            "p(95)": 0,
            "p(99)": 0,
            "avg": 0.00011025078256370459,
            "min": 0
        },
        "iteration_duration": {
            "min": 30.253698,
            "med": 30.961652,
            "max": 143.714205,
            "p(90)": 31.202791400000002,
            "p(95)": 31.2870381,
            "p(99)": 31.57382196,
            "avg": 31.036379986288882
        },
        "http_req_duration{expected_response:true}": {
            "max": 143.386946,
            "p(90)": 31.1175972,
            "p(95)": 31.193489,
            "p(99)": 31.4270326,
            "avg": 30.95683643709741,
            "min": 30.213671,
            "med": 30.882803
        },
        "http_req_receiving": {
            "max": 19.949113,
            "p(90)": 0.05726499999999999,
            "p(95)": 0.10124009999999971,
            "p(99)": 0.2477114599999998,
            "avg": 0.03886479743888235,
            "min": 0.005843,
            "med": 0.028256
        },
        "iterations": {
            "count": 38655,
            "rate": 644.2015197449596
        }
    },
    "root_group": {
        "name": "",
        "path": "",
        "id": "d41d8cd98f00b204e9800998ecf8427e",
        "groups": {},
        "checks": {
                "status is 200": {
                    "name": "status is 200",
                    "path": "::status is 200",
                    "id": "6210a8cd14cd70477eba5c5e4cb3fb5f",
                    "passes": 38655,
                    "fails": 0
                }
            }
    }
}