{
    "root_group": {
        "name": "",
        "path": "",
        "id": "d41d8cd98f00b204e9800998ecf8427e",
        "groups": {},
        "checks": {
                "status is 200": {
                    "name": "status is 200",
                    "path": "::status is 200",
                    "id": "6210a8cd14cd70477eba5c5e4cb3fb5f",
                    "passes": 7508,
                    "fails": 0
                }
            }
    },
    "metrics": {
        "http_req_connecting": {
            "p(95)": 0,
            "p(99)": 0,
            "avg": 0.00027845071923281834,
            "min": 0,
            "med": 0,
            "max": 0.172222,
            "p(90)": 0
        },
        "iteration_duration": {
            "avg": 160.00223616182717,
            "min": 54.411372,
            "med": 149.0056245,
            "max": 533.654933,
            "p(90)": 210.1853136,
            "p(95)": 254.90563174999997,
            "p(99)": 412.26351263000004
        },
        "http_reqs": {
            "count": 7508,
            "rate": 124.82546283815071
        },
        "http_req_failed": {
            "passes": 0,
            "fails": 7508,
            "thresholds": {
                "rate<0.01": false
            },
            "value": 0
        },
        "violation_60ms": {
            "passes": 7505,
            "fails": 3,
            "thresholds": {
                "rate<0.20": true
            },
            "value": 0.9996004262120405
        },
        "http_req_sending": {
            "p(99)": 0.018979730000000018,
            "avg": 0.007119549547149717,
            "min": 0.001927,
            "med": 0.0063184999999999995,
            "max": 0.514629,
            "p(90)": 0.0087653,
            "p(95)": 0.010203249999999999
        },
        "http_req_receiving": {
            "min": 0.008686,
            "med": 0.032386,
            "max": 139.550878,
            "p(90)": 8.744842100000007,
            "p(95)": 20.575037149999932,
            "p(99)": 46.774676310000196,
            "avg": 2.812489538891846
        },
        "http_req_tls_handshaking": {
            "min": 0,
            "med": 0,
            "max": 0,
            "p(90)": 0,
            "p(95)": 0,
            "p(99)": 0,
            "avg": 0
        },
        "vus_max": {
            "value": 20,
            "min": 20,
            "max": 20
        },
        "http_req_blocked": {
            "max": 0.19765,
            "p(90)": 0.002945,
            "p(95)": 0.003353,
            "p(99)": 0.005893890000000021,
            "avg": 0.0027502320191795477,
            "min": 0.000668,
            "med": 0.00218
        },
        "iterations": {
            "count": 7508,
            "rate": 124.82546283815071
        },
        "violation_80ms": {
            "passes": 7455,
            "fails": 53,
            "thresholds": {
                "rate<0.10": true
            },
            "value": 0.992940863079382
        },
        "violation_100ms": {
            "passes": 7067,
            "fails": 441,
            "thresholds": {
                "rate<0.05": true
            },
            "value": 0.9412626531699521
        },
        "http_req_duration": {
            "max": 533.444701,
            "p(90)": 210.1187492,
            "p(95)": 254.84848299999996,
            "p(99)": 412.19805285,
            "avg": 159.92891008590868,
            "min": 54.35838,
            "med": 148.93483750000001,
            "thresholds": {
                "p(95)<200": true,
                "p(99)<500": false
            }
        },
        "data_sent": {
            "rate": 8737.78239867055,
            "count": 525560
        },
        "data_received": {
            "rate": 106476.11980094256,
            "count": 6404324
        },
        "http_req_duration{expected_response:true}": {
            "min": 54.35838,
            "med": 148.93483750000001,
            "max": 533.444701,
            "p(90)": 210.1187492,
            "p(95)": 254.84848299999996,
            "p(99)": 412.19805285,
            "avg": 159.92891008590868
        },
        "http_req_waiting": {
            "avg": 157.1093009974693,
            "min": 54.333355,
            "med": 146.60407750000002,
            "max": 533.389382,
            "p(90)": 207.427565,
            "p(95)": 250.1537383,
            "p(99)": 410.4965823200002
        },
        "checks": {
            "fails": 0,
            "passes": 7508,
            "value": 1
        },
        "vus": {
            "value": 20,
            "min": 20,
            "max": 20
        }
    }
}