{
    "root_group": {
        "name": "",
        "path": "",
        "id": "d41d8cd98f00b204e9800998ecf8427e",
        "groups": {},
        "checks": {
                "status is 200": {
                    "name": "status is 200",
                    "path": "::status is 200",
                    "id": "6210a8cd14cd70477eba5c5e4cb3fb5f",
                    "passes": 38675,
                    "fails": 0
                }
            }
    },
    "metrics": {
        "violation_80ms": {
            "fails": 38635,
            "passes": 40,
            "thresholds": {
                "rate<0.10": false
            },
            "value": 0.0010342598577892696
        },
        "http_req_connecting": {
            "max": 0.629662,
            "p(90)": 0,
            "p(95)": 0,
            "p(99)": 0,
            "avg": 0.00012355014867485457,
            "min": 0,
            "med": 0
        },
        "data_sent": {
            "count": 2707250,
            "rate": 45113.01371646945
        },
        "vus_max": {
            "value": 20,
            "min": 20,
            "max": 20
        },
        "vus": {
            "value": 20,
            "min": 20,
            "max": 20
        },
        "http_req_receiving": {
            "min": 0.005662,
            "med": 0.027902,
            "max": 1.171821,
            "p(90)": 0.05765079999999999,
            "p(95)": 0.10966059999999998,
            "p(99)": 0.2625927400000003,
            "avg": 0.0389027898383971
        },
        "http_req_tls_handshaking": {
            "avg": 0,
            "min": 0,
            "med": 0,
            "max": 0,
            "p(90)": 0,
            "p(95)": 0,
            "p(99)": 0
        },
        "iteration_duration": {
            "avg": 31.023668803774896,
            "min": 30.238406,
            "med": 30.947516,
            "max": 153.483786,
            "p(90)": 31.208485,
            "p(95)": 31.2970812,
            "p(99)": 31.55545306
        },
        "http_reqs": {
            "count": 38675,
            "rate": 644.4716245209922
        },
        "violation_60ms": {
            "passes": 40,
            "fails": 38635,
            "thresholds": {
                "rate<0.20": false
            },
            "value": 0.0010342598577892696
        },
        "http_req_duration{expected_response:true}": {
            "med": 30.868637,
            "max": 153.022781,
            "p(90)": 31.1224268,
            "p(95)": 31.202261099999998,
            "p(99)": 31.427378500000003,
            "avg": 30.9452946722431,
            "min": 30.195305
        },
        "http_req_failed": {
            "passes": 0,
            "fails": 38675,
            "thresholds": {
                "rate<0.01": false
            },
            "value": 0
        },
        "violation_100ms": {
            "passes": 25,
            "fails": 38650,
            "thresholds": {
                "rate<0.05": false
            },
            "value": 0.0006464124111182935
        },
        "http_req_sending": {
            "p(95)": 0.012818299999999996,
            "p(99)": 0.07159026000000031,
            "avg": 0.008416756612798969,
            "min": 0.001591,
            "med": 0.006067,
            "max": 0.616143,
            "p(90)": 0.010714
        },
        "iterations": {
            "count": 38675,
            "rate": 644.4716245209922
        },
        "http_req_duration": {
            "med": 30.868637,
            "max": 153.022781,
            "p(90)": 31.1224268,
            "p(95)": 31.202261099999998,
            "p(99)": 31.427378500000003,
            "avg": 30.9452946722431,
            "min": 30.195305,
            "thresholds": {
                "p(95)<200": false,
                "p(99)<500": false
            }
        },
        "http_req_blocked": {
            "min": 0.000481,
            "med": 0.002116,
            "max": 0.662958,
            "p(90)": 0.003496,
            "p(95)": 0.003996,
            "p(99)": 0.008127820000000013,
            "avg": 0.002708425468648983
        },
        "http_req_waiting": {
            "med": 30.823141,
            "max": 152.958989,
            "p(90)": 31.0700224,
            "p(95)": 31.1429927,
            "p(99)": 31.33043968,
            "avg": 30.897975125791707,
            "min": 30.176001
        },
        "checks": {
            "passes": 38675,
            "fails": 0,
            "value": 1
        },
        "data_received": {
            "count": 32989675,
            "rate": 549732.6293385796
        }
    }
}