{
    "root_group": {
        "name": "",
        "path": "",
        "id": "d41d8cd98f00b204e9800998ecf8427e",
        "groups": {},
        "checks": {
                "status is 200": {
                    "path": "::status is 200",
                    "id": "6210a8cd14cd70477eba5c5e4cb3fb5f",
                    "passes": 7879,
                    "fails": 0,
                    "name": "status is 200"
                }
            }
    },
    "metrics": {
        "http_reqs": {
            "rate": 131.07947743251154,
            "count": 7879
        },
        "iterations": {
            "count": 7879,
            "rate": 131.07947743251154
        },
        "http_req_receiving": {
            "avg": 2.6168495557811835,
            "min": 0.00823,
            "med": 0.032264,
            "max": 258.075055,
            "p(90)": 4.39254339999999,
            "p(95)": 20.3006927,
            "p(99)": 47.181426619999996
        },
        "violation_100ms": {
            "passes": 7322,
            "fails": 557,
            "thresholds": {
                "rate<0.05": true
            },
            "value": 0.9293057494605914
        },
        "http_req_duration": {
            "max": 543.865433,
            "p(90)": 201.714003,
            "p(95)": 229.6262414999999,
            "p(99)": 372.3359287400001,
            "avg": 152.40162044739145,
            "min": 55.909573,
            "med": 143.915199,
            "thresholds": {
                "p(95)<200": true,
                "p(99)<500": false
            }
        },
        "http_req_waiting": {
            "max": 543.775148,
            "p(90)": 198.86892179999998,
            "p(95)": 226.80262599999998,
            "p(99)": 367.84710382000014,
            "avg": 149.77785255209935,
            "min": 51.7204,
            "med": 141.390064
        },
        "checks": {
            "passes": 7879,
            "fails": 0,
            "value": 1
        },
        "http_req_blocked": {
            "min": 0.000695,
            "med": 0.002158,
            "max": 0.279522,
            "p(90)": 0.0029591999999999995,
            "p(95)": 0.0033121999999999987,
            "p(99)": 0.006021660000000026,
            "avg": 0.0027816408173626126
        },
        "data_received": {
            "count": 6720787,
            "rate": 111810.79424993234
        },
        "data_sent": {
            "rate": 9175.563420275806,
            "count": 551530
        },
        "violation_80ms": {
            "passes": 7805,
            "fails": 74,
            "thresholds": {
                "rate<0.10": true
            },
            "value": 0.9906079451707069
        },
        "http_req_duration{expected_response:true}": {
            "med": 143.915199,
            "max": 543.865433,
            "p(90)": 201.714003,
            "p(95)": 229.6262414999999,
            "p(99)": 372.3359287400001,
            "avg": 152.40162044739145,
            "min": 55.909573
        },
        "http_req_tls_handshaking": {
            "p(99)": 0,
            "avg": 0,
            "min": 0,
            "med": 0,
            "max": 0,
            "p(90)": 0,
            "p(95)": 0
        },
        "vus": {
            "value": 20,
            "min": 20,
            "max": 20
        },
        "http_req_sending": {
            "avg": 0.0069183395100901116,
            "min": 0.002199,
            "med": 0.006326,
            "max": 0.171822,
            "p(90)": 0.0088986,
            "p(95)": 0.010178199999999998,
            "p(99)": 0.018651880000000003
        },
        "vus_max": {
            "value": 20,
            "min": 20,
            "max": 20
        },
        "http_req_failed": {
            "passes": 0,
            "fails": 7879,
            "thresholds": {
                "rate<0.01": false
            },
            "value": 0
        },
        "iteration_duration": {
            "min": 55.983578,
            "med": 143.978816,
            "max": 544.231272,
            "p(90)": 201.7755056,
            "p(95)": 229.68265989999992,
            "p(99)": 372.38091910000014,
            "avg": 152.47386794885173
        },
        "http_req_connecting": {
            "p(90)": 0,
            "p(95)": 0,
            "p(99)": 0,
            "avg": 0.0003592229978423658,
            "min": 0,
            "med": 0,
            "max": 0.245787
        },
        "violation_60ms": {
            "passes": 7877,
            "fails": 2,
            "thresholds": {
                "rate<0.20": true
            },
            "value": 0.9997461606802894
        }
    }
}