{
    "root_group": {
        "id": "d41d8cd98f00b204e9800998ecf8427e",
        "groups": {},
        "checks": {
                "status is 200": {
                    "fails": 0,
                    "name": "status is 200",
                    "path": "::status is 200",
                    "id": "6210a8cd14cd70477eba5c5e4cb3fb5f",
                    "passes": 38641
                }
            },
        "name": "",
        "path": ""
    },
    "metrics": {
        "http_reqs": {
            "count": 38641,
            "rate": 643.7472572485757
        },
        "http_req_sending": {
            "avg": 0.009032623042881912,
            "min": 0.001759,
            "med": 0.006196,
            "max": 0.674575,
            "p(90)": 0.011039,
            "p(95)": 0.013111,
            "p(99)": 0.08020659999999968
        },
        "vus": {
            "value": 20,
            "min": 20,
            "max": 20
        },
        "http_req_duration": {
            "p(90)": 31.128385,
            "p(95)": 31.207973,
            "p(99)": 31.476403599999998,
            "avg": 30.977993929789477,
            "min": 30.21203,
            "med": 30.895228,
            "max": 133.477236,
            "thresholds": {
                "p(99)<500": false,
                "p(95)<200": false
            }
        },
        "http_req_receiving": {
            "max": 1.194239,
            "p(90)": 0.059892,
            "p(95)": 0.114499,
            "p(99)": 0.26319099999999956,
            "avg": 0.039488145053181975,
            "min": 0.006453,
            "med": 0.028268
        },
        "http_req_failed": {
            "passes": 0,
            "fails": 38641,
            "thresholds": {
                "rate<0.01": false
            },
            "value": 0
        },
        "http_req_waiting": {
            "avg": 30.929473161693736,
            "min": 30.190333,
            "med": 30.848097,
            "max": 133.307837,
            "p(90)": 31.076001,
            "p(95)": 31.146616,
            "p(99)": 31.362486999999998
        },
        "iteration_duration": {
            "med": 30.974111,
            "max": 134.296246,
            "p(90)": 31.216426,
            "p(95)": 31.304676,
            "p(99)": 31.593309599999998,
            "avg": 31.058416057141397,
            "min": 30.28088
        },
        "iterations": {
            "count": 38641,
            "rate": 643.7472572485757
        },
        "violation_100ms": {
            "passes": 26,
            "fails": 38615,
            "thresholds": {
                "rate<0.05": false
            },
            "value": 0.000672860433218602
        },
        "http_req_connecting": {
            "max": 0.712921,
            "p(90)": 0,
            "p(95)": 0,
            "p(99)": 0,
            "avg": 0.00016955083978157918,
            "min": 0,
            "med": 0
        },
        "http_req_tls_handshaking": {
            "avg": 0,
            "min": 0,
            "med": 0,
            "max": 0,
            "p(90)": 0,
            "p(95)": 0,
            "p(99)": 0
        },
        "violation_80ms": {
            "passes": 40,
            "fails": 38601,
            "thresholds": {
                "rate<0.10": false
            },
            "value": 0.0010351698972593877
        },
        "violation_60ms": {
            "fails": 38601,
            "passes": 40,
            "thresholds": {
                "rate<0.20": false
            },
            "value": 0.0010351698972593877
        },
        "data_received": {
            "count": 32960673,
            "rate": 549114.7444635797
        },
        "http_req_blocked": {
            "p(95)": 0.003993,
            "p(99)": 0.007848199999999984,
            "avg": 0.002797493931316456,
            "min": 0.000494,
            "med": 0.002143,
            "max": 0.760854,
            "p(90)": 0.003509
        },
        "vus_max": {
            "value": 20,
            "min": 20,
            "max": 20
        },
        "checks": {
            "passes": 38641,
            "fails": 0,
            "value": 1
        },
        "http_req_duration{expected_response:true}": {
            "min": 30.21203,
            "med": 30.895228,
            "max": 133.477236,
            "p(90)": 31.128385,
            "p(95)": 31.207973,
            "p(99)": 31.476403599999998,
            "avg": 30.977993929789477
        },
        "data_sent": {
            "count": 2704870,
            "rate": 45062.3080074003
        }
    }
}