{
    "metrics": {
        "violation_60ms": {
            "passes": 7892,
            "fails": 3,
            "thresholds": {
                "rate<0.20": true
            },
            "value": 0.9996200126662445
        },
        "iterations": {
            "count": 7895,
            "rate": 131.16980655514234
        },
        "http_req_duration{expected_response:true}": {
            "avg": 152.1921424050664,
            "min": 55.113353,
            "med": 145.77855,
            "max": 469.537854,
            "p(90)": 199.03096080000003,
            "p(95)": 224.92266779999977,
            "p(99)": 358.96776729999993
        },
        "http_req_waiting": {
            "p(95)": 222.9230619,
            "p(99)": 355.38082083999996,
            "avg": 149.72505437872098,
            "min": 55.056231,
            "med": 143.238962,
            "max": 469.471705,
            "p(90)": 196.86774100000002
        },
        "vus": {
            "min": 20,
            "max": 20,
            "value": 20
        },
        "http_req_receiving": {
            "p(90)": 5.3147266000000135,
            "p(95)": 19.383468499999996,
            "p(99)": 46.719490459999875,
            "avg": 2.46027552020267,
            "min": 0.008329,
            "med": 0.032253,
            "max": 121.765698
        },
        "iteration_duration": {
            "p(90)": 199.09458800000002,
            "p(95)": 224.99137379999976,
            "p(99)": 359.04781173999993,
            "avg": 152.2654801357821,
            "min": 55.175451,
            "med": 145.842865,
            "max": 469.784535
        },
        "http_req_duration": {
            "p(95)": 224.92266779999977,
            "p(99)": 358.96776729999993,
            "avg": 152.1921424050664,
            "min": 55.113353,
            "med": 145.77855,
            "max": 469.537854,
            "p(90)": 199.03096080000003,
            "thresholds": {
                "p(95)<200": true,
                "p(99)<500": false
            }
        },
        "http_req_failed": {
            "passes": 0,
            "fails": 7895,
            "thresholds": {
                "rate<0.01": false
            },
            "value": 0
        },
        "data_received": {
            "count": 6734435,
            "rate": 111887.84499153642
        },
        "http_reqs": {
            "count": 7895,
            "rate": 131.16980655514234
        },
        "http_req_blocked": {
            "min": 0.000632,
            "med": 0.002154,
            "max": 0.236668,
            "p(90)": 0.0029412000000000006,
            "p(95)": 0.00336,
            "p(99)": 0.005775499999999962,
            "avg": 0.0026944672577580786
        },
        "vus_max": {
            "max": 20,
            "value": 20,
            "min": 20
        },
        "checks": {
            "passes": 7895,
            "fails": 0,
            "value": 1
        },
        "violation_100ms": {
            "passes": 7383,
            "fails": 512,
            "thresholds": {
                "rate<0.05": true
            },
            "value": 0.9351488283723876
        },
        "data_sent": {
            "count": 552650,
            "rate": 9181.886458859964
        },
        "http_req_connecting": {
            "avg": 0.00024271969601013296,
            "min": 0,
            "med": 0,
            "max": 0.153121,
            "p(90)": 0,
            "p(95)": 0,
            "p(99)": 0
        },
        "http_req_sending": {
            "p(90)": 0.0087284,
            "p(95)": 0.010239299999999984,
            "p(99)": 0.01881724,
            "avg": 0.0068125061431285674,
            "min": 0.002063,
            "med": 0.006324,
            "max": 0.245182
        },
        "http_req_tls_handshaking": {
            "avg": 0,
            "min": 0,
            "med": 0,
            "max": 0,
            "p(90)": 0,
            "p(95)": 0,
            "p(99)": 0
        },
        "violation_80ms": {
            "passes": 7821,
            "fails": 74,
            "thresholds": {
                "rate<0.10": true
            },
            "value": 0.9906269791006966
        }
    },
    "root_group": {
        "groups": {},
        "checks": {
                "status is 200": {
                    "id": "6210a8cd14cd70477eba5c5e4cb3fb5f",
                    "passes": 7895,
                    "fails": 0,
                    "name": "status is 200",
                    "path": "::status is 200"
                }
            },
        "name": "",
        "path": "",
        "id": "d41d8cd98f00b204e9800998ecf8427e"
    }
}