{
    "metrics": {
        "http_req_waiting": {
            "avg": 30.93744786792272,
            "min": 30.218952,
            "med": 30.855365,
            "max": 153.065687,
            "p(90)": 31.078821400000002,
            "p(95)": 31.1445346,
            "p(99)": 31.34592232
        },
        "violation_100ms": {
            "passes": 20,
            "fails": 38609,
            "thresholds": {
                "rate<0.05": false
            },
            "value": 0.0005177457350695073
        },
        "http_req_blocked": {
            "p(99)": 0.008290160000000003,
            "avg": 0.0026963483652178246,
            "min": 0.000523,
            "med": 0.002154,
            "max": 0.380821,
            "p(90)": 0.003518,
            "p(95)": 0.004023
        },
        "data_sent": {
            "count": 2704030,
            "rate": 45053.32126893463
        },
        "http_req_connecting": {
            "med": 0,
            "max": 0.160285,
            "p(90)": 0,
            "p(95)": 0,
            "p(99)": 0,
            "avg": 0.00008636123119935801,
            "min": 0
        },
        "violation_80ms": {
            "passes": 40,
            "fails": 38589,
            "thresholds": {
                "rate<0.10": false
            },
            "value": 0.0010354914701390147
        },
        "checks": {
            "passes": 38629,
            "fails": 0,
            "value": 1
        },
        "vus": {
            "value": 20,
            "min": 20,
            "max": 20
        },
        "http_req_sending": {
            "p(90)": 0.010887200000000005,
            "p(95)": 0.012802799999999994,
            "p(99)": 0.07023384000000012,
            "avg": 0.008635378239146748,
            "min": 0.001643,
            "med": 0.00618,
            "max": 0.682472
        },
        "http_req_duration": {
            "med": 30.900322,
            "max": 153.156743,
            "p(90)": 31.126926,
            "p(95)": 31.199387599999998,
            "p(99)": 31.44157556,
            "avg": 30.98453032079494,
            "min": 30.245045,
            "thresholds": {
                "p(95)<200": false,
                "p(99)<500": false
            }
        },
        "iteration_duration": {
            "avg": 31.064591704730002,
            "min": 30.282732,
            "med": 30.979319,
            "max": 153.464716,
            "p(90)": 31.2126148,
            "p(95)": 31.2953702,
            "p(99)": 31.56808532
        },
        "iterations": {
            "count": 38629,
            "rate": 643.6188752704948
        },
        "http_reqs": {
            "rate": 643.6188752704948,
            "count": 38629
        },
        "http_req_receiving": {
            "p(90)": 0.057346400000000096,
            "p(95)": 0.10328119999999999,
            "p(99)": 0.2521884800000004,
            "avg": 0.0384470746330475,
            "min": 0.005916,
            "med": 0.028223,
            "max": 1.068835
        },
        "data_received": {
            "count": 32950437,
            "rate": 549005.2344510937
        },
        "http_req_duration{expected_response:true}": {
            "max": 153.156743,
            "p(90)": 31.126926,
            "p(95)": 31.199387599999998,
            "p(99)": 31.44157556,
            "avg": 30.98453032079494,
            "min": 30.245045,
            "med": 30.900322
        },
        "http_req_tls_handshaking": {
            "avg": 0,
            "min": 0,
            "med": 0,
            "max": 0,
            "p(90)": 0,
            "p(95)": 0,
            "p(99)": 0
        },
        "vus_max": {
            "value": 20,
            "min": 20,
            "max": 20
        },
        "violation_60ms": {
            "passes": 40,
            "fails": 38589,
            "thresholds": {
                "rate<0.20": false
            },
            "value": 0.0010354914701390147
        },
        "http_req_failed": {
            "passes": 0,
            "fails": 38629,
            "thresholds": {
                "rate<0.01": false
            },
            "value": 0
        }
    },
    "root_group": {
        "name": "",
        "path": "",
        "id": "d41d8cd98f00b204e9800998ecf8427e",
        "groups": {},
        "checks": {
                "status is 200": {
                    "name": "status is 200",
                    "path": "::status is 200",
                    "id": "6210a8cd14cd70477eba5c5e4cb3fb5f",
                    "passes": 38629,
                    "fails": 0
                }
            }
    }
}