{
    "root_group": {
        "groups": {},
        "checks": {
                "status is 200": {
                    "name": "status is 200",
                    "path": "::status is 200",
                    "id": "6210a8cd14cd70477eba5c5e4cb3fb5f",
                    "passes": 7644,
                    "fails": 0
                }
            },
        "name": "",
        "path": "",
        "id": "d41d8cd98f00b204e9800998ecf8427e"
    },
    "metrics": {
        "http_req_receiving": {
            "avg": 2.4542396614338116,
            "min": 0.007632,
            "med": 0.0323375,
            "max": 276.615266,
            "p(90)": 4.826496199999998,
            "p(95)": 20.212728449999993,
            "p(99)": 43.7498649299999
        },
        "http_reqs": {
            "count": 7644,
            "rate": 127.06648805723471
        },
        "vus_max": {
            "max": 20,
            "value": 20,
            "min": 20
        },
        "http_req_duration": {
            "max": 562.65135,
            "p(90)": 206.3415058,
            "p(95)": 243.02810269999995,
            "p(99)": 403.3638778399999,
            "avg": 157.09483171415428,
            "min": 54.913275,
            "med": 146.6491145,
            "thresholds": {
                "p(95)<200": true,
                "p(99)<500": false
            }
        },
        "data_received": {
            "count": 6520332,
            "rate": 108387.7143128212
        },
        "http_req_duration{expected_response:true}": {
            "max": 562.65135,
            "p(90)": 206.3415058,
            "p(95)": 243.02810269999995,
            "p(99)": 403.3638778399999,
            "avg": 157.09483171415428,
            "min": 54.913275,
            "med": 146.6491145
        },
        "http_req_waiting": {
            "min": 39.049478,
            "med": 144.409998,
            "max": 562.594109,
            "p(90)": 204.6547168,
            "p(95)": 238.89837934999989,
            "p(99)": 401.8133629199997,
            "avg": 154.63313799424392
        },
        "violation_100ms": {
            "passes": 7169,
            "fails": 475,
            "thresholds": {
                "rate<0.05": true
            },
            "value": 0.9378597592883308
        },
        "http_req_blocked": {
            "avg": 0.0032588680010465798,
            "min": 0.000628,
            "med": 0.002156,
            "max": 0.770831,
            "p(90)": 0.0029287,
            "p(95)": 0.0032908499999999997,
            "p(99)": 0.00535651999999999
        },
        "http_req_failed": {
            "fails": 7644,
            "passes": 0,
            "thresholds": {
                "rate<0.01": false
            },
            "value": 0
        },
        "http_req_connecting": {
            "p(90)": 0,
            "p(95)": 0,
            "p(99)": 0,
            "avg": 0.0008060222396650966,
            "min": 0,
            "med": 0,
            "max": 0.52585
        },
        "http_req_tls_handshaking": {
            "p(99)": 0,
            "avg": 0,
            "min": 0,
            "med": 0,
            "max": 0,
            "p(90)": 0,
            "p(95)": 0
        },
        "http_req_sending": {
            "p(90)": 0.0088687,
            "p(95)": 0.010198649999999997,
            "p(99)": 0.019816959999999818,
            "avg": 0.007454058477237078,
            "min": 0.002048,
            "med": 0.006319,
            "max": 0.443571
        },
        "checks": {
            "passes": 7644,
            "fails": 0,
            "value": 1
        },
        "violation_80ms": {
            "passes": 7576,
            "fails": 68,
            "thresholds": {
                "rate<0.10": true
            },
            "value": 0.9911041339612768
        },
        "data_sent": {
            "rate": 8894.65416400643,
            "count": 535080
        },
        "iterations": {
            "rate": 127.06648805723471,
            "count": 7644
        },
        "violation_60ms": {
            "passes": 7641,
            "fails": 3,
            "thresholds": {
                "rate<0.20": true
            },
            "value": 0.999607535321821
        },
        "iteration_duration": {
            "avg": 157.16777735596568,
            "min": 55.006272,
            "med": 146.72283,
            "max": 563.389389,
            "p(90)": 206.41744649999998,
            "p(95)": 243.21677029999995,
            "p(99)": 403.43568349999987
        },
        "vus": {
            "value": 20,
            "min": 20,
            "max": 20
        }
    }
}