{
    "root_group": {
        "groups": {},
        "checks": {
                "status is 200": {
                    "path": "::status is 200",
                    "id": "6210a8cd14cd70477eba5c5e4cb3fb5f",
                    "passes": 38656,
                    "fails": 0,
                    "name": "status is 200"
                }
            },
        "name": "",
        "path": "",
        "id": "d41d8cd98f00b204e9800998ecf8427e"
    },
    "metrics": {
        "http_req_sending": {
            "med": 0.006112,
            "max": 0.617846,
            "p(90)": 0.010785,
            "p(95)": 0.01261075,
            "p(99)": 0.07166634999999975,
            "avg": 0.008458834462955306,
            "min": 0.001366
        },
        "http_req_duration": {
            "p(99)": 31.457152199999996,
            "avg": 30.956349875025897,
            "min": 30.201951,
            "med": 30.880589999999998,
            "max": 154.305695,
            "p(90)": 31.115054999999998,
            "p(95)": 31.189556000000003,
            "thresholds": {
                "p(95)<200": false,
                "p(99)<500": false
            }
        },
        "iteration_duration": {
            "avg": 31.035179951935053,
            "min": 30.237905,
            "med": 30.958743,
            "max": 154.579809,
            "p(90)": 31.2000785,
            "p(95)": 31.280898,
            "p(99)": 31.603776299999996
        },
        "vus_max": {
            "value": 20,
            "min": 20,
            "max": 20
        },
        "violation_100ms": {
            "fails": 38631,
            "passes": 25,
            "thresholds": {
                "rate<0.05": false
            },
            "value": 0.0006467301324503312
        },
        "http_reqs": {
            "count": 38656,
            "rate": 644.2292585284264
        },
        "violation_60ms": {
            "passes": 40,
            "fails": 38616,
            "thresholds": {
                "rate<0.20": false
            },
            "value": 0.0010347682119205299
        },
        "http_req_blocked": {
            "avg": 0.0026672704108029878,
            "min": 0.000485,
            "med": 0.002138,
            "max": 0.389824,
            "p(90)": 0.0034885000000000003,
            "p(95)": 0.004017,
            "p(99)": 0.007544549999999886
        },
        "http_req_tls_handshaking": {
            "max": 0,
            "p(90)": 0,
            "p(95)": 0,
            "p(99)": 0,
            "avg": 0,
            "min": 0,
            "med": 0
        },
        "checks": {
            "passes": 38656,
            "fails": 0,
            "value": 1
        },
        "vus": {
            "value": 20,
            "min": 20,
            "max": 20
        },
        "http_req_duration{expected_response:true}": {
            "p(95)": 31.189556000000003,
            "p(99)": 31.457152199999996,
            "avg": 30.956349875025897,
            "min": 30.201951,
            "med": 30.880589999999998,
            "max": 154.305695,
            "p(90)": 31.115054999999998
        },
        "http_req_connecting": {
            "p(95)": 0,
            "p(99)": 0,
            "avg": 0.00010192746274834438,
            "min": 0,
            "med": 0,
            "max": 0.199638,
            "p(90)": 0
        },
        "http_req_receiving": {
            "p(95)": 0.114736,
            "p(99)": 0.25579999999999975,
            "avg": 0.039343622982202064,
            "min": 0.005994,
            "med": 0.0279095,
            "max": 10.340935,
            "p(90)": 0.05815
        },
        "data_sent": {
            "count": 2705920,
            "rate": 45096.04809698984
        },
        "data_received": {
            "count": 32973468,
            "rate": 549525.8909548529
        },
        "http_req_waiting": {
            "min": 30.177253,
            "med": 30.833146,
            "max": 154.24952,
            "p(90)": 31.064272000000003,
            "p(95)": 31.13240775,
            "p(99)": 31.3374442,
            "avg": 30.908547417580547
        },
        "violation_80ms": {
            "passes": 40,
            "fails": 38616,
            "thresholds": {
                "rate<0.10": false
            },
            "value": 0.0010347682119205299
        },
        "iterations": {
            "count": 38656,
            "rate": 644.2292585284264
        },
        "http_req_failed": {
            "fails": 38656,
            "passes": 0,
            "thresholds": {
                "rate<0.01": false
            },
            "value": 0
        }
    }
}