{
    "root_group": {
        "checks": {
            "status is 200": {
                "fails": 0,
                "name": "status is 200",
                "path": "::status is 200",
                "id": "6210a8cd14cd70477eba5c5e4cb3fb5f",
                "passes": 7718
            }
        },
        "name": "",
        "path": "",
        "id": "d41d8cd98f00b204e9800998ecf8427e",
        "groups": {}
    },
    "metrics": {
        "checks": {
            "passes": 7718,
            "fails": 0,
            "value": 1
        },
        "http_req_duration{expected_response:true}": {
            "min": 47.544865,
            "med": 147.988671,
            "max": 498.530696,
            "p(90)": 202.0585096,
            "p(95)": 227.63763329999995,
            "p(99)": 387.27662025,
            "avg": 155.57509598043558
        },
        "data_received": {
            "count": 6583454,
            "rate": 109498.68074389888
        },
        "vus_max": {
            "max": 20,
            "value": 20,
            "min": 20
        },
        "violation_80ms": {
            "passes": 7655,
            "fails": 63,
            "thresholds": {
                "rate<0.10": true
            },
            "value": 0.9918372635397772
        },
        "violation_100ms": {
            "passes": 7317,
            "fails": 401,
            "thresholds": {
                "rate<0.05": true
            },
            "value": 0.9480435345944546
        },
        "iteration_duration": {
            "p(99)": 387.35232129,
            "avg": 155.64746210572687,
            "min": 47.600424,
            "med": 148.065256,
            "max": 498.621384,
            "p(90)": 202.1342981,
            "p(95)": 227.70952559999998
        },
        "violation_60ms": {
            "fails": 4,
            "passes": 7714,
            "thresholds": {
                "rate<0.20": true
            },
            "value": 0.9994817310183985
        },
        "data_sent": {
            "count": 540260,
            "rate": 8985.82374217224
        },
        "vus": {
            "max": 20,
            "value": 20,
            "min": 20
        },
        "http_req_failed": {
            "passes": 0,
            "fails": 7718,
            "thresholds": {
                "rate<0.01": false
            },
            "value": 0
        },
        "http_req_connecting": {
            "avg": 0.00023262982637989112,
            "min": 0,
            "med": 0,
            "max": 0.148569,
            "p(90)": 0,
            "p(95)": 0,
            "p(99)": 0
        },
        "http_req_duration": {
            "p(90)": 202.0585096,
            "p(95)": 227.63763329999995,
            "p(99)": 387.27662025,
            "avg": 155.57509598043558,
            "min": 47.544865,
            "med": 147.988671,
            "max": 498.530696,
            "thresholds": {
                "p(95)<200": true,
                "p(99)<500": false
            }
        },
        "http_req_receiving": {
            "med": 0.032283,
            "max": 127.174236,
            "p(90)": 4.8800683000000005,
            "p(95)": 20.001575199999994,
            "p(99)": 44.01185823999997,
            "avg": 2.4537053644726585,
            "min": 0.008561
        },
        "http_req_sending": {
            "p(90)": 0.0089993,
            "p(95)": 0.010193299999999999,
            "p(99)": 0.01901783999999999,
            "avg": 0.007016141098730206,
            "min": 0.001979,
            "med": 0.0063975,
            "max": 0.222456
        },
        "iterations": {
            "count": 7718,
            "rate": 128.36891060246057
        },
        "http_req_tls_handshaking": {
            "min": 0,
            "med": 0,
            "max": 0,
            "p(90)": 0,
            "p(95)": 0,
            "p(99)": 0,
            "avg": 0
        },
        "http_req_blocked": {
            "p(99)": 0.0051353899999999906,
            "avg": 0.0026082635397771435,
            "min": 0.000696,
            "med": 0.002159,
            "max": 0.183251,
            "p(90)": 0.00295,
            "p(95)": 0.0033292999999999994
        },
        "http_req_waiting": {
            "med": 145.5334575,
            "max": 478.928827,
            "p(90)": 199.19099260000002,
            "p(95)": 224.38904225,
            "p(99)": 385.45174168999995,
            "avg": 153.11437447486398,
            "min": 47.512817
        },
        "http_reqs": {
            "count": 7718,
            "rate": 128.36891060246057
        }
    }
}