{
    "root_group": {
        "name": "",
        "path": "",
        "id": "d41d8cd98f00b204e9800998ecf8427e",
        "groups": {},
        "checks": {
                "status is 200": {
                    "fails": 0,
                    "name": "status is 200",
                    "path": "::status is 200",
                    "id": "6210a8cd14cd70477eba5c5e4cb3fb5f",
                    "passes": 38676
                }
            }
    },
    "metrics": {
        "http_req_failed": {
            "passes": 0,
            "fails": 38676,
            "thresholds": {
                "rate<0.01": false
            },
            "value": 0
        },
        "iterations": {
            "count": 38676,
            "rate": 644.5264478556289
        },
        "violation_100ms": {
            "passes": 26,
            "fails": 38650,
            "thresholds": {
                "rate<0.05": false
            },
            "value": 0.0006722515254938464
        },
        "checks": {
            "passes": 38676,
            "fails": 0,
            "value": 1
        },
        "http_req_sending": {
            "min": 0.00163,
            "med": 0.006053,
            "max": 0.618518,
            "p(90)": 0.0106655,
            "p(95)": 0.012370250000000001,
            "p(99)": 0.06530725000000001,
            "avg": 0.008229213310580128
        },
        "http_req_waiting": {
            "min": 30.159804,
            "med": 30.821558,
            "max": 151.834737,
            "p(90)": 31.0685395,
            "p(95)": 31.1435895,
            "p(99)": 31.35690225,
            "avg": 30.896161513367552
        },
        "data_received": {
            "count": 32990528,
            "rate": 549779.39354436
        },
        "iteration_duration": {
            "p(99)": 31.569894,
            "avg": 31.020707049281143,
            "min": 30.204764,
            "med": 30.945839,
            "max": 152.085069,
            "p(90)": 31.208528,
            "p(95)": 31.297903
        },
        "http_reqs": {
            "count": 38676,
            "rate": 644.5264478556289
        },
        "violation_60ms": {
            "passes": 40,
            "fails": 38636,
            "thresholds": {
                "rate<0.20": false
            },
            "value": 0.001034233116144379
        },
        "http_req_blocked": {
            "avg": 0.0027423284982934933,
            "min": 0.000539,
            "med": 0.002105,
            "max": 0.542699,
            "p(90)": 0.003453,
            "p(95)": 0.003962,
            "p(99)": 0.0073545
        },
        "http_req_connecting": {
            "p(99)": 0,
            "avg": 0.00008321077670907021,
            "min": 0,
            "med": 0,
            "max": 0.279337,
            "p(90)": 0,
            "p(95)": 0
        },
        "vus_max": {
            "max": 20,
            "value": 20,
            "min": 20
        },
        "http_req_receiving": {
            "max": 0.888807,
            "p(90)": 0.056485999999999995,
            "p(95)": 0.09995024999999999,
            "p(99)": 0.23721925,
            "avg": 0.03743384362395291,
            "min": 0.006383,
            "med": 0.027616
        },
        "http_req_duration": {
            "min": 30.173076,
            "med": 30.8665545,
            "max": 151.881535,
            "p(90)": 31.118350999999997,
            "p(95)": 31.2007535,
            "p(99)": 31.43027725,
            "avg": 30.941824570301854,
            "thresholds": {
                "p(95)<200": false,
                "p(99)<500": false
            }
        },
        "http_req_duration{expected_response:true}": {
            "p(95)": 31.2007535,
            "p(99)": 31.43027725,
            "avg": 30.941824570301854,
            "min": 30.173076,
            "med": 30.8665545,
            "max": 151.881535,
            "p(90)": 31.118350999999997
        },
        "http_req_tls_handshaking": {
            "avg": 0,
            "min": 0,
            "med": 0,
            "max": 0,
            "p(90)": 0,
            "p(95)": 0,
            "p(99)": 0
        },
        "data_sent": {
            "count": 2707320,
            "rate": 45116.85134989402
        },
        "vus": {
            "value": 20,
            "min": 20,
            "max": 20
        },
        "violation_80ms": {
            "passes": 40,
            "fails": 38636,
            "thresholds": {
                "rate<0.10": false
            },
            "value": 0.001034233116144379
        }
    }
}