{
    "metrics": {
        "data_received": {
            "count": 32990528,
            "rate": 549590.4064912524
        },
        "vus": {
            "value": 20,
            "min": 20,
            "max": 20
        },
        "violation_80ms": {
            "passes": 40,
            "fails": 38636,
            "thresholds": {
                "rate<0.10": false
            },
            "value": 0.001034233116144379
        },
        "http_req_duration": {
            "p(90)": 31.115380000000002,
            "p(95)": 31.19828575,
            "p(99)": 31.4939535,
            "avg": 30.95339824622505,
            "min": 30.183988,
            "med": 30.870846,
            "max": 153.943727,
            "thresholds": {
                "p(95)<200": false,
                "p(99)<500": false
            }
        },
        "http_req_blocked": {
            "med": 0.002126,
            "max": 0.673184,
            "p(90)": 0.003485,
            "p(95)": 0.003979,
            "p(99)": 0.00837225,
            "avg": 0.0027301843779087413,
            "min": 0.000521
        },
        "iterations": {
            "count": 38676,
            "rate": 644.3048914359805
        },
        "http_req_tls_handshaking": {
            "max": 0,
            "p(90)": 0,
            "p(95)": 0,
            "p(99)": 0,
            "avg": 0,
            "min": 0,
            "med": 0
        },
        "http_req_connecting": {
            "avg": 0.00011432754162788293,
            "min": 0,
            "med": 0,
            "max": 0.494992,
            "p(90)": 0,
            "p(95)": 0,
            "p(99)": 0
        },
        "violation_60ms": {
            "passes": 40,
            "fails": 38636,
            "thresholds": {
                "rate<0.20": false
            },
            "value": 0.001034233116144379
        },
        "violation_100ms": {
            "passes": 24,
            "fails": 38652,
            "thresholds": {
                "rate<0.05": false
            },
            "value": 0.0006205398696866273
        },
        "http_req_receiving": {
            "min": 0.006352,
            "med": 0.0276905,
            "max": 0.870577,
            "p(90)": 0.0572255,
            "p(95)": 0.10445425,
            "p(99)": 0.25074050000000003,
            "avg": 0.03823808374702623
        },
        "http_req_failed": {
            "passes": 0,
            "fails": 38676,
            "thresholds": {
                "rate<0.01": false
            },
            "value": 0
        },
        "http_reqs": {
            "count": 38676,
            "rate": 644.3048914359805
        },
        "data_sent": {
            "count": 2707320,
            "rate": 45101.34240051864
        },
        "http_req_duration{expected_response:true}": {
            "min": 30.183988,
            "med": 30.870846,
            "max": 153.943727,
            "p(90)": 31.115380000000002,
            "p(95)": 31.19828575,
            "p(99)": 31.4939535,
            "avg": 30.95339824622505
        },
        "iteration_duration": {
            "med": 30.949067,
            "max": 154.221134,
            "p(90)": 31.201025,
            "p(95)": 31.2916395,
            "p(99)": 31.60413225,
            "avg": 31.031623382174825,
            "min": 30.228566
        },
        "http_req_waiting": {
            "avg": 30.907018651903133,
            "min": 30.165198,
            "med": 30.8242045,
            "max": 153.897291,
            "p(90)": 31.0651045,
            "p(95)": 31.14188125,
            "p(99)": 31.39860575
        },
        "vus_max": {
            "value": 20,
            "min": 20,
            "max": 20
        },
        "checks": {
            "passes": 38676,
            "fails": 0,
            "value": 1
        },
        "http_req_sending": {
            "max": 0.613071,
            "p(90)": 0.010686999999999999,
            "p(95)": 0.012558,
            "p(99)": 0.06034175,
            "avg": 0.008141510575033572,
            "min": 0.001565,
            "med": 0.00609
        }
    },
    "root_group": {
        "name": "",
        "path": "",
        "id": "d41d8cd98f00b204e9800998ecf8427e",
        "groups": {},
        "checks": {
                "status is 200": {
                    "name": "status is 200",
                    "path": "::status is 200",
                    "id": "6210a8cd14cd70477eba5c5e4cb3fb5f",
                    "passes": 38676,
                    "fails": 0
                }
            }
    }
}