{
    "metrics": {
        "data_received": {
            "count": 6813764,
            "rate": 112998.15184587672
        },
        "iteration_duration": {
            "p(95)": 223.31009019999996,
            "p(99)": 369.10227315000014,
            "avg": 150.8259008212319,
            "min": 57.88774,
            "med": 143.185034,
            "max": 513.49954,
            "p(90)": 197.9640015
        },
        "http_req_receiving": {
            "med": 0.0320655,
            "max": 117.226329,
            "p(90)": 5.4281870000000145,
            "p(95)": 19.01874499999998,
            "p(99)": 40.77283535000004,
            "avg": 2.392041403855784,
            "min": 0.008955
        },
        "vus_max": {
            "value": 20,
            "min": 20,
            "max": 20
        },
        "violation_100ms": {
            "passes": 7421,
            "fails": 567,
            "thresholds": {
                "rate<0.05": true
            },
            "value": 0.9290185277916875
        },
        "iterations": {
            "count": 7988,
            "rate": 132.47145585683086
        },
        "data_sent": {
            "count": 559160,
            "rate": 9273.00190997816
        },
        "violation_80ms": {
            "passes": 7909,
            "fails": 79,
            "thresholds": {
                "rate<0.10": true
            },
            "value": 0.9901101652478718
        },
        "vus": {
            "min": 20,
            "max": 20,
            "value": 20
        },
        "http_req_sending": {
            "max": 0.314996,
            "p(90)": 0.008904600000000002,
            "p(95)": 0.010220049999999994,
            "p(99)": 0.018639200000000015,
            "avg": 0.006963716199298957,
            "min": 0.001961,
            "med": 0.006415499999999999
        },
        "http_req_failed": {
            "fails": 7988,
            "passes": 0,
            "thresholds": {
                "rate<0.01": false
            },
            "value": 0
        },
        "violation_60ms": {
            "fails": 3,
            "passes": 7985,
            "thresholds": {
                "rate<0.20": true
            },
            "value": 0.9996244366549825
        },
        "http_req_duration{expected_response:true}": {
            "avg": 150.75360247471227,
            "min": 57.822651,
            "med": 143.118917,
            "max": 513.416778,
            "p(90)": 197.8813508,
            "p(95)": 223.24468474999998,
            "p(99)": 369.0368210500001
        },
        "checks": {
            "passes": 7988,
            "fails": 0,
            "value": 1
        },
        "http_req_tls_handshaking": {
            "p(95)": 0,
            "p(99)": 0,
            "avg": 0,
            "min": 0,
            "med": 0,
            "max": 0,
            "p(90)": 0
        },
        "http_req_duration": {
            "p(95)": 223.24468474999998,
            "p(99)": 369.0368210500001,
            "avg": 150.75360247471227,
            "min": 57.822651,
            "med": 143.118917,
            "max": 513.416778,
            "p(90)": 197.8813508,
            "thresholds": {
                "p(95)<200": true,
                "p(99)<500": false
            }
        },
        "http_reqs": {
            "count": 7988,
            "rate": 132.47145585683086
        },
        "http_req_blocked": {
            "med": 0.002169,
            "max": 0.246585,
            "p(90)": 0.0029723,
            "p(95)": 0.0034078999999999976,
            "p(99)": 0.005756000000000011,
            "avg": 0.0026488365047571292,
            "min": 0.000683
        },
        "http_req_connecting": {
            "avg": 0.00023745317976965442,
            "min": 0,
            "med": 0,
            "max": 0.197355,
            "p(90)": 0,
            "p(95)": 0,
            "p(99)": 0
        },
        "http_req_waiting": {
            "avg": 148.35459735465716,
            "min": 57.789791,
            "med": 140.482086,
            "max": 513.372493,
            "p(90)": 195.44202610000002,
            "p(95)": 221.14342325,
            "p(99)": 367.82874661000005
        }
    },
    "root_group": {
        "id": "d41d8cd98f00b204e9800998ecf8427e",
        "groups": {},
        "checks": {
                "status is 200": {
                    "passes": 7988,
                    "fails": 0,
                    "name": "status is 200",
                    "path": "::status is 200",
                    "id": "6210a8cd14cd70477eba5c5e4cb3fb5f"
                }
            },
        "name": "",
        "path": ""
    }
}