{
    "root_group": {
        "id": "d41d8cd98f00b204e9800998ecf8427e",
        "groups": {},
        "checks": {
                "status is 200": {
                    "fails": 0,
                    "name": "status is 200",
                    "path": "::status is 200",
                    "id": "6210a8cd14cd70477eba5c5e4cb3fb5f",
                    "passes": 38682
                }
            },
        "name": "",
        "path": ""
    },
    "metrics": {
        "violation_100ms": {
            "fails": 38658,
            "passes": 24,
            "thresholds": {
                "rate<0.05": false
            },
            "value": 0.0006204436171862882
        },
        "vus": {
            "value": 20,
            "min": 20,
            "max": 20
        },
        "checks": {
            "passes": 38682,
            "fails": 0,
            "value": 1
        },
        "http_req_waiting": {
            "max": 153.076222,
            "p(90)": 31.067996,
            "p(95)": 31.140509899999998,
            "p(99)": 31.366014160000002,
            "avg": 30.899343682849935,
            "min": 30.1597,
            "med": 30.824227
        },
        "violation_60ms": {
            "passes": 40,
            "fails": 38642,
            "thresholds": {
                "rate<0.20": false
            },
            "value": 0.0010340726953104802
        },
        "data_sent": {
            "count": 2707740,
            "rate": 45111.582617194326
        },
        "iteration_duration": {
            "p(95)": 31.2933213,
            "p(99)": 31.58956478,
            "avg": 31.02469077459802,
            "min": 30.226777,
            "med": 30.9481935,
            "max": 153.380803,
            "p(90)": 31.2056793
        },
        "vus_max": {
            "value": 20,
            "min": 20,
            "max": 20
        },
        "http_req_duration": {
            "min": 30.182559,
            "med": 30.870839,
            "max": 153.115446,
            "p(90)": 31.1184397,
            "p(95)": 31.1991579,
            "p(99)": 31.470718630000004,
            "avg": 30.946934176205822,
            "thresholds": {
                "p(95)<200": false,
                "p(99)<500": false
            }
        },
        "http_req_connecting": {
            "max": 0.194024,
            "p(90)": 0,
            "p(95)": 0,
            "p(99)": 0,
            "avg": 0.00008864060803474482,
            "min": 0,
            "med": 0
        },
        "http_reqs": {
            "count": 38682,
            "rate": 644.4511802456332
        },
        "http_req_blocked": {
            "p(95)": 0.003923,
            "p(99)": 0.008434190000000003,
            "avg": 0.0026751074401530654,
            "min": 0.000486,
            "med": 0.002111,
            "max": 0.54127,
            "p(90)": 0.003428
        },
        "http_req_failed": {
            "passes": 0,
            "fails": 38682,
            "thresholds": {
                "rate<0.01": false
            },
            "value": 0
        },
        "violation_80ms": {
            "passes": 40,
            "fails": 38642,
            "thresholds": {
                "rate<0.10": false
            },
            "value": 0.0010340726953104802
        },
        "http_req_duration{expected_response:true}": {
            "p(90)": 31.1184397,
            "p(95)": 31.1991579,
            "p(99)": 31.470718630000004,
            "avg": 30.946934176205822,
            "min": 30.182559,
            "med": 30.870839,
            "max": 153.115446
        },
        "http_req_sending": {
            "p(90)": 0.010534900000000002,
            "p(95)": 0.012525849999999991,
            "p(99)": 0.06929064000000013,
            "avg": 0.008506501861330912,
            "min": 0.001462,
            "med": 0.006012,
            "max": 1.304279
        },
        "http_req_tls_handshaking": {
            "min": 0,
            "med": 0,
            "max": 0,
            "p(90)": 0,
            "p(95)": 0,
            "p(99)": 0,
            "avg": 0
        },
        "http_req_receiving": {
            "avg": 0.03908399149475166,
            "min": 0.006199,
            "med": 0.0278295,
            "max": 1.549459,
            "p(90)": 0.05801460000000002,
            "p(95)": 0.11187379999999976,
            "p(99)": 0.26437410000000255
        },
        "data_received": {
            "count": 32995646,
            "rate": 549715.1907261028
        },
        "iterations": {
            "rate": 644.4511802456332,
            "count": 38682
        }
    }
}