{
  "mean": [
    29.164287567138672,
    -0.07699286192655563,
    29.486827850341797,
    7.024076461791992,
    -0.32446038722991943,
    7.790896415710449,
    15.835585594177246,
    0.6481039524078369,
    2.270294427871704,
    0.5577335953712463,
    0.9071049094200134,
    22.458755493164062,
    0.16746416687965393
  ],
  "std": [
    21.588367462158203,
    11.196234703063965,
    18.045839309692383,
    10.401134490966797,
    15.980459213256836,
    13.964117050170898,
    21.58840560913086,
    0.47973325848579407,
    7.240298271179199,
    1.9929496049880981,
    0.6864985823631287,
    30.022747039794922,
    0.3078436851501465
  ]
}