{
    "metrics": {
        "http_reqs": {
            "rate": 434.4502669151166,
            "count": 26075
        },
        "http_req_failed": {
            "passes": 0,
            "fails": 26075,
            "thresholds": {
                "rate<0.01": false
            },
            "value": 0
        },
        "http_req_blocked": {
            "max": 0.327998,
            "p(90)": 0.003289,
            "p(95)": 0.003814299999999999,
            "p(99)": 0.008431159999999976,
            "avg": 0.002748506232023011,
            "min": 0.000542,
            "med": 0.002187
        },
        "http_req_receiving": {
            "min": 0.006328,
            "med": 0.029124,
            "max": 0.819395,
            "p(90)": 0.05299020000000003,
            "p(95)": 0.0715065,
            "p(99)": 0.19336995999999967,
            "avg": 0.03592327923298204
        },
        "data_received": {
            "count": 22241875,
            "rate": 370584.4115222496
        },
        "iterations": {
            "count": 26075,
            "rate": 434.4502669151166
        },
        "http_req_duration": {
            "avg": 45.94841202458325,
            "min": 45.188323,
            "med": 45.71729,
            "max": 227.60309,
            "p(90)": 46.0251508,
            "p(95)": 46.116111599999996,
            "p(99)": 46.33327872,
            "thresholds": {
                "p(95)<200": false,
                "p(99)<500": false
            }
        },
        "violation_60ms": {
            "passes": 44,
            "fails": 26031,
            "thresholds": {
                "rate<0.20": false
            },
            "value": 0.0016874400767018217
        },
        "vus_max": {
            "value": 20,
            "min": 20,
            "max": 20
        },
        "data_sent": {
            "count": 1825250,
            "rate": 30411.51868405816
        },
        "iteration_duration": {
            "p(95)": 46.2056149,
            "p(99)": 46.47841466,
            "avg": 46.02607124475582,
            "min": 45.227306,
            "med": 45.794907,
            "max": 227.904931,
            "p(90)": 46.112391
        },
        "http_req_waiting": {
            "med": 45.67463,
            "max": 227.516324,
            "p(90)": 45.978239,
            "p(95)": 46.0660412,
            "p(99)": 46.25525144,
            "avg": 45.90439003950136,
            "min": 45.163281
        },
        "http_req_duration{expected_response:true}": {
            "med": 45.71729,
            "max": 227.60309,
            "p(90)": 46.0251508,
            "p(95)": 46.116111599999996,
            "p(99)": 46.33327872,
            "avg": 45.94841202458325,
            "min": 45.188323
        },
        "vus": {
            "max": 20,
            "value": 20,
            "min": 20
        },
        "violation_100ms": {
            "passes": 40,
            "fails": 26035,
            "thresholds": {
                "rate<0.05": false
            },
            "value": 0.0015340364333652923
        },
        "violation_80ms": {
            "passes": 40,
            "fails": 26035,
            "thresholds": {
                "rate<0.10": false
            },
            "value": 0.0015340364333652923
        },
        "http_req_connecting": {
            "max": 0.295782,
            "p(90)": 0,
            "p(95)": 0,
            "p(99)": 0,
            "avg": 0.0001549137104506232,
            "min": 0,
            "med": 0
        },
        "checks": {
            "passes": 26075,
            "fails": 0,
            "value": 1
        },
        "http_req_tls_handshaking": {
            "med": 0,
            "max": 0,
            "p(90)": 0,
            "p(95)": 0,
            "p(99)": 0,
            "avg": 0,
            "min": 0
        },
        "http_req_sending": {
            "p(90)": 0.01028,
            "p(95)": 0.012140899999999998,
            "p(99)": 0.05372013999999962,
            "avg": 0.008098705848513903,
            "min": 0.001576,
            "med": 0.006356,
            "max": 0.627632
        }
    },
    "root_group": {
        "checks": {
            "status is 200": {
                "name": "status is 200",
                "path": "::status is 200",
                "id": "6210a8cd14cd70477eba5c5e4cb3fb5f",
                "passes": 26075,
                "fails": 0
            }
        },
        "name": "",
        "path": "",
        "id": "d41d8cd98f00b204e9800998ecf8427e",
        "groups": {}
    }
}