{
    "metrics": {
        "iteration_duration": {
            "avg": 46.18139712990941,
            "min": 45.260886,
            "med": 45.997015,
            "max": 227.787029,
            "p(90)": 46.2444622,
            "p(95)": 46.3377761,
            "p(99)": 46.6113263
        },
        "http_req_connecting": {
            "avg": 0.000143669244085401,
            "min": 0,
            "med": 0,
            "max": 0.206526,
            "p(90)": 0,
            "p(95)": 0,
            "p(99)": 0
        },
        "http_req_receiving": {
            "max": 0.899344,
            "p(90)": 0.058890200000000004,
            "p(95)": 0.10120439999999997,
            "p(99)": 0.2640564000000001,
            "avg": 0.04046599519138316,
            "min": 0.006024,
            "med": 0.030077
        },
        "http_req_tls_handshaking": {
            "p(90)": 0,
            "p(95)": 0,
            "p(99)": 0,
            "avg": 0,
            "min": 0,
            "med": 0,
            "max": 0
        },
        "data_sent": {
            "rate": 30308.388556115468,
            "count": 1819650
        },
        "iterations": {
            "count": 25995,
            "rate": 432.9769793730781
        },
        "violation_100ms": {
            "passes": 40,
            "fails": 25955,
            "thresholds": {
                "rate<0.05": false
            },
            "value": 0.0015387574533564147
        },
        "vus": {
            "max": 20,
            "value": 20,
            "min": 20
        },
        "violation_80ms": {
            "passes": 40,
            "fails": 25955,
            "thresholds": {
                "rate<0.10": false
            },
            "value": 0.0015387574533564147
        },
        "http_req_duration": {
            "med": 45.911739,
            "max": 227.504224,
            "p(90)": 46.1519744,
            "p(95)": 46.2348285,
            "p(99)": 46.48268414,
            "avg": 46.095135690209865,
            "min": 45.222863,
            "thresholds": {
                "p(95)<200": false,
                "p(99)<500": false
            }
        },
        "http_reqs": {
            "count": 25995,
            "rate": 432.9769793730781
        },
        "http_req_waiting": {
            "avg": 46.045277877899316,
            "min": 45.201834,
            "med": 45.863942,
            "max": 227.454223,
            "p(90)": 46.0982596,
            "p(95)": 46.170280999999996,
            "p(99)": 46.39264002
        },
        "http_req_failed": {
            "fails": 25995,
            "passes": 0,
            "thresholds": {
                "rate<0.01": false
            },
            "value": 0
        },
        "http_req_blocked": {
            "med": 0.002279,
            "max": 0.506197,
            "p(90)": 0.003655,
            "p(95)": 0.004103599999999999,
            "p(99)": 0.009095600000000014,
            "avg": 0.0029736572033083365,
            "min": 0.000524
        },
        "checks": {
            "passes": 25995,
            "fails": 0,
            "value": 1
        },
        "violation_60ms": {
            "fails": 25955,
            "passes": 40,
            "thresholds": {
                "rate<0.20": false
            },
            "value": 0.0015387574533564147
        },
        "http_req_duration{expected_response:true}": {
            "p(99)": 46.48268414,
            "avg": 46.095135690209865,
            "min": 45.222863,
            "med": 45.911739,
            "max": 227.504224,
            "p(90)": 46.1519744,
            "p(95)": 46.2348285
        },
        "http_req_sending": {
            "min": 0.001674,
            "med": 0.006557,
            "max": 0.650385,
            "p(90)": 0.011283600000000003,
            "p(95)": 0.013348399999999995,
            "p(99)": 0.07982482000000019,
            "avg": 0.009391817118676642
        },
        "vus_max": {
            "max": 20,
            "value": 20,
            "min": 20
        },
        "data_received": {
            "count": 22173635,
            "rate": 369327.6977888503
        }
    },
    "root_group": {
        "id": "d41d8cd98f00b204e9800998ecf8427e",
        "groups": {},
        "checks": {
                "status is 200": {
                    "id": "6210a8cd14cd70477eba5c5e4cb3fb5f",
                    "passes": 25995,
                    "fails": 0,
                    "name": "status is 200",
                    "path": "::status is 200"
                }
            },
        "name": "",
        "path": ""
    }
}