{
    "root_group": {
        "name": "",
        "path": "",
        "id": "d41d8cd98f00b204e9800998ecf8427e",
        "groups": {},
        "checks": {
                "status is 200": {
                    "name": "status is 200",
                    "path": "::status is 200",
                    "id": "6210a8cd14cd70477eba5c5e4cb3fb5f",
                    "passes": 38655,
                    "fails": 0
                }
            }
    },
    "metrics": {
        "http_req_duration": {
            "max": 152.701554,
            "p(90)": 31.1258628,
            "p(95)": 31.2064228,
            "p(99)": 31.47061892,
            "avg": 30.957418114111803,
            "min": 30.165463,
            "med": 30.880397,
            "thresholds": {
                "p(95)<200": false,
                "p(99)<500": false
            }
        },
        "http_req_sending": {
            "max": 0.779146,
            "p(90)": 0.010894,
            "p(95)": 0.01297209999999997,
            "p(99)": 0.07384438,
            "avg": 0.008723844858362414,
            "min": 0.001602,
            "med": 0.006084
        },
        "data_received": {
            "count": 32972615,
            "rate": 549456.6553343715
        },
        "iteration_duration": {
            "max": 153.024288,
            "p(90)": 31.21688,
            "p(95)": 31.3083005,
            "p(99)": 31.613290120000002,
            "avg": 31.038982649928894,
            "min": 30.192597,
            "med": 30.962033
        },
        "violation_60ms": {
            "passes": 40,
            "fails": 38615,
            "thresholds": {
                "rate<0.20": false
            },
            "value": 0.001034794981244341
        },
        "http_req_blocked": {
            "p(99)": 0.00855575999999995,
            "avg": 0.002794799870650612,
            "min": 0.000526,
            "med": 0.002108,
            "max": 0.621806,
            "p(90)": 0.003468,
            "p(95)": 0.003998
        },
        "http_req_tls_handshaking": {
            "p(95)": 0,
            "p(99)": 0,
            "avg": 0,
            "min": 0,
            "med": 0,
            "max": 0,
            "p(90)": 0
        },
        "violation_100ms": {
            "passes": 27,
            "fails": 38628,
            "thresholds": {
                "rate<0.05": false
            },
            "value": 0.0006984866123399302
        },
        "checks": {
            "passes": 38655,
            "fails": 0,
            "value": 1
        },
        "vus_max": {
            "value": 20,
            "min": 20,
            "max": 20
        },
        "http_reqs": {
            "count": 38655,
            "rate": 644.1480911341163
        },
        "http_req_duration{expected_response:true}": {
            "med": 30.880397,
            "max": 152.701554,
            "p(90)": 31.1258628,
            "p(95)": 31.2064228,
            "p(99)": 31.47061892,
            "avg": 30.957418114111803,
            "min": 30.165463
        },
        "http_req_connecting": {
            "p(99)": 0,
            "avg": 0.0001223400336308369,
            "min": 0,
            "med": 0,
            "max": 0.391756,
            "p(90)": 0,
            "p(95)": 0
        },
        "iterations": {
            "count": 38655,
            "rate": 644.1480911341163
        },
        "violation_80ms": {
            "passes": 40,
            "fails": 38615,
            "thresholds": {
                "rate<0.10": false
            },
            "value": 0.001034794981244341
        },
        "http_req_receiving": {
            "min": 0.005533,
            "med": 0.027964,
            "max": 10.076911,
            "p(90)": 0.058711599999999996,
            "p(95)": 0.11182289999999968,
            "p(99)": 0.2637376,
            "avg": 0.039521921122752615
        },
        "data_sent": {
            "count": 2705850,
            "rate": 45090.36637938814
        },
        "vus": {
            "min": 20,
            "max": 20,
            "value": 20
        },
        "http_req_failed": {
            "passes": 0,
            "fails": 38655,
            "thresholds": {
                "rate<0.01": false
            },
            "value": 0
        },
        "http_req_waiting": {
            "min": 30.149954,
            "med": 30.833259,
            "max": 142.574694,
            "p(90)": 31.074338400000002,
            "p(95)": 31.1458553,
            "p(99)": 31.36067112,
            "avg": 30.909172348130824
        }
    }
}