{
    "metrics": {
        "vus_max": {
            "value": 20,
            "min": 20,
            "max": 20
        },
        "data_sent": {
            "count": 1820140,
            "rate": 30312.911722230016
        },
        "http_req_tls_handshaking": {
            "p(90)": 0,
            "p(95)": 0,
            "p(99)": 0,
            "avg": 0,
            "min": 0,
            "med": 0,
            "max": 0
        },
        "violation_60ms": {
            "passes": 40,
            "fails": 25962,
            "thresholds": {
                "rate<0.20": false
            },
            "value": 0.0015383432043688946
        },
        "checks": {
            "passes": 26002,
            "fails": 0,
            "value": 1
        },
        "http_req_waiting": {
            "avg": 46.02401443169771,
            "min": 45.14443,
            "med": 45.8318285,
            "max": 212.232497,
            "p(90)": 46.088707299999996,
            "p(95)": 46.16378265,
            "p(99)": 46.38271466
        },
        "http_req_sending": {
            "p(90)": 0.011233,
            "p(95)": 0.013269,
            "p(99)": 0.07413571999999974,
            "avg": 0.008976702061379906,
            "min": 0.001678,
            "med": 0.006476,
            "max": 0.55538
        },
        "http_req_receiving": {
            "p(95)": 0.10062049999999904,
            "p(99)": 0.24907024999999983,
            "avg": 0.03981410156911033,
            "min": 0.006543,
            "med": 0.0297055,
            "max": 0.750068,
            "p(90)": 0.058277800000000005
        },
        "http_reqs": {
            "count": 26002,
            "rate": 433.04159603185735
        },
        "iteration_duration": {
            "p(99)": 46.62463593,
            "avg": 46.15625818240854,
            "min": 45.210559,
            "med": 45.965361,
            "max": 212.654855,
            "p(90)": 46.231962,
            "p(95)": 46.3233785
        },
        "http_req_failed": {
            "passes": 0,
            "fails": 26002,
            "thresholds": {
                "rate<0.01": false
            },
            "value": 0
        },
        "vus": {
            "value": 20,
            "min": 20,
            "max": 20
        },
        "http_req_connecting": {
            "med": 0,
            "max": 0.447699,
            "p(90)": 0,
            "p(95)": 0,
            "p(99)": 0,
            "avg": 0.00014711645258057076,
            "min": 0
        },
        "violation_80ms": {
            "passes": 40,
            "fails": 25962,
            "thresholds": {
                "rate<0.10": false
            },
            "value": 0.0015383432043688946
        },
        "violation_100ms": {
            "passes": 40,
            "fails": 25962,
            "thresholds": {
                "rate<0.05": false
            },
            "value": 0.0015383432043688946
        },
        "data_received": {
            "count": 22179606,
            "rate": 369382.81599868316
        },
        "http_req_blocked": {
            "min": 0.000501,
            "med": 0.002246,
            "max": 0.557076,
            "p(90)": 0.003602,
            "p(95)": 0.004107,
            "p(99)": 0.009086869999999973,
            "avg": 0.0029287784785785673
        },
        "http_req_duration": {
            "avg": 46.07280523532798,
            "min": 45.16768,
            "med": 45.881607,
            "max": 212.336939,
            "p(90)": 46.140596,
            "p(95)": 46.22341315,
            "p(99)": 46.48288219,
            "thresholds": {
                "p(95)<200": false,
                "p(99)<500": false
            }
        },
        "http_req_duration{expected_response:true}": {
            "p(90)": 46.140596,
            "p(95)": 46.22341315,
            "p(99)": 46.48288219,
            "avg": 46.07280523532798,
            "min": 45.16768,
            "med": 45.881607,
            "max": 212.336939
        },
        "iterations": {
            "count": 26002,
            "rate": 433.04159603185735
        }
    },
    "root_group": {
        "name": "",
        "path": "",
        "id": "d41d8cd98f00b204e9800998ecf8427e",
        "groups": {},
        "checks": {
                "status is 200": {
                    "name": "status is 200",
                    "path": "::status is 200",
                    "id": "6210a8cd14cd70477eba5c5e4cb3fb5f",
                    "passes": 26002,
                    "fails": 0
                }
            }
    }
}