{
    "root_group": {
        "groups": {},
        "checks": {
                "status is 200": {
                    "name": "status is 200",
                    "path": "::status is 200",
                    "id": "6210a8cd14cd70477eba5c5e4cb3fb5f",
                    "passes": 25949,
                    "fails": 0
                }
            },
        "name": "",
        "path": "",
        "id": "d41d8cd98f00b204e9800998ecf8427e"
    },
    "metrics": {
        "http_req_connecting": {
            "med": 0,
            "max": 0.17468,
            "p(90)": 0,
            "p(95)": 0,
            "p(99)": 0,
            "avg": 0.00014317611468650044,
            "min": 0
        },
        "http_req_waiting": {
            "avg": 46.097797896797736,
            "min": 45.185162,
            "med": 45.899239,
            "max": 228.278063,
            "p(90)": 46.120327800000005,
            "p(95)": 46.1903176,
            "p(99)": 46.433237160000004
        },
        "vus": {
            "max": 20,
            "value": 20,
            "min": 20
        },
        "http_req_tls_handshaking": {
            "p(95)": 0,
            "p(99)": 0,
            "avg": 0,
            "min": 0,
            "med": 0,
            "max": 0,
            "p(90)": 0
        },
        "http_req_sending": {
            "min": 0.001601,
            "med": 0.006591,
            "max": 0.663876,
            "p(90)": 0.011346,
            "p(95)": 0.013230199999999998,
            "p(99)": 0.07293944000000019,
            "avg": 0.009122721338009147
        },
        "data_received": {
            "count": 22134397,
            "rate": 368899.9068999684
        },
        "vus_max": {
            "value": 20,
            "min": 20,
            "max": 20
        },
        "http_req_duration": {
            "min": 45.207774,
            "med": 45.947813,
            "max": 228.344476,
            "p(90)": 46.1716668,
            "p(95)": 46.2531538,
            "p(99)": 46.5258096,
            "avg": 46.148069229835414,
            "thresholds": {
                "p(95)<200": false,
                "p(99)<500": false
            }
        },
        "checks": {
            "passes": 25949,
            "fails": 0,
            "value": 1
        },
        "http_req_duration{expected_response:true}": {
            "med": 45.947813,
            "max": 228.344476,
            "p(90)": 46.1716668,
            "p(95)": 46.2531538,
            "p(99)": 46.5258096,
            "avg": 46.148069229835414,
            "min": 45.207774
        },
        "violation_100ms": {
            "passes": 40,
            "fails": 25909,
            "thresholds": {
                "rate<0.05": false
            },
            "value": 0.0015414852210104437
        },
        "http_req_blocked": {
            "avg": 0.003017981078268934,
            "min": 0.00054,
            "med": 0.002302,
            "max": 0.371905,
            "p(90)": 0.003767,
            "p(95)": 0.004269599999999999,
            "p(99)": 0.009571560000000055
        },
        "violation_80ms": {
            "passes": 40,
            "fails": 25909,
            "thresholds": {
                "rate<0.10": false
            },
            "value": 0.0015414852210104437
        },
        "iteration_duration": {
            "max": 228.661441,
            "p(90)": 46.261700000000005,
            "p(95)": 46.3499718,
            "p(99)": 46.63624612,
            "avg": 46.23472341358064,
            "min": 45.247641,
            "med": 46.032937
        },
        "iterations": {
            "count": 25949,
            "rate": 432.47546721725826
        },
        "violation_60ms": {
            "fails": 25907,
            "passes": 42,
            "thresholds": {
                "rate<0.20": false
            },
            "value": 0.0016185594820609657
        },
        "http_reqs": {
            "count": 25949,
            "rate": 432.47546721725826
        },
        "data_sent": {
            "count": 1816430,
            "rate": 30273.28270520808
        },
        "http_req_receiving": {
            "p(95)": 0.11580599999999996,
            "p(99)": 0.2556290400000001,
            "avg": 0.04114861169987314,
            "min": 0.006219,
            "med": 0.030328,
            "max": 0.802216,
            "p(90)": 0.0617716
        },
        "http_req_failed": {
            "passes": 0,
            "fails": 25949,
            "thresholds": {
                "rate<0.01": false
            },
            "value": 0
        }
    }
}