{
    "metrics": {
        "http_req_tls_handshaking": {
            "med": 0,
            "max": 0,
            "p(90)": 0,
            "p(95)": 0,
            "p(99)": 0,
            "avg": 0,
            "min": 0
        },
        "data_sent": {
            "count": 1820070,
            "rate": 30311.86029888172
        },
        "http_req_failed": {
            "passes": 0,
            "fails": 26001,
            "thresholds": {
                "rate<0.01": false
            },
            "value": 0
        },
        "http_req_receiving": {
            "avg": 0.039149393523325804,
            "min": 0.006065,
            "med": 0.029423,
            "max": 0.797546,
            "p(90)": 0.057967,
            "p(95)": 0.095178,
            "p(99)": 0.244778
        },
        "vus": {
            "value": 20,
            "min": 20,
            "max": 20
        },
        "violation_60ms": {
            "passes": 40,
            "fails": 25961,
            "thresholds": {
                "rate<0.20": false
            },
            "value": 0.0015384023691396484
        },
        "violation_100ms": {
            "passes": 40,
            "fails": 25961,
            "thresholds": {
                "rate<0.05": false
            },
            "value": 0.0015384023691396484
        },
        "data_received": {
            "count": 22178753,
            "rate": 369370.0036478838
        },
        "http_req_duration": {
            "avg": 46.09151599442322,
            "min": 45.180481,
            "med": 45.923532,
            "max": 212.35656,
            "p(90)": 46.164953,
            "p(95)": 46.248307,
            "p(99)": 46.548775,
            "thresholds": {
                "p(95)<200": false,
                "p(99)<500": false
            }
        },
        "http_reqs": {
            "rate": 433.02657569831024,
            "count": 26001
        },
        "http_req_sending": {
            "min": 0.001684,
            "med": 0.006468,
            "max": 0.602083,
            "p(90)": 0.011557,
            "p(95)": 0.013431,
            "p(99)": 0.072774,
            "avg": 0.009051325256720958
        },
        "iteration_duration": {
            "avg": 46.17640197792385,
            "min": 45.218528,
            "med": 46.009106,
            "max": 212.591283,
            "p(90)": 46.255076,
            "p(95)": 46.353034,
            "p(99)": 46.685335
        },
        "http_req_connecting": {
            "min": 0,
            "med": 0,
            "max": 0.228991,
            "p(90)": 0,
            "p(95)": 0,
            "p(99)": 0,
            "avg": 0.00012465370562670663
        },
        "checks": {
            "passes": 26001,
            "fails": 0,
            "value": 1
        },
        "vus_max": {
            "value": 20,
            "min": 20,
            "max": 20
        },
        "http_req_duration{expected_response:true}": {
            "avg": 46.09151599442322,
            "min": 45.180481,
            "med": 45.923532,
            "max": 212.35656,
            "p(90)": 46.164953,
            "p(95)": 46.248307,
            "p(99)": 46.548775
        },
        "http_req_blocked": {
            "min": 0.000506,
            "med": 0.002238,
            "max": 0.567205,
            "p(90)": 0.003668,
            "p(95)": 0.004157,
            "p(99)": 0.007925,
            "avg": 0.0028550224991346503
        },
        "iterations": {
            "count": 26001,
            "rate": 433.02657569831024
        },
        "violation_80ms": {
            "passes": 40,
            "fails": 25961,
            "thresholds": {
                "rate<0.10": false
            },
            "value": 0.0015384023691396484
        },
        "http_req_waiting": {
            "med": 45.876379,
            "max": 212.255912,
            "p(90)": 46.112567,
            "p(95)": 46.185471,
            "p(99)": 46.425238,
            "avg": 46.04331527564334,
            "min": 45.160281
        }
    },
    "root_group": {
        "name": "",
        "path": "",
        "id": "d41d8cd98f00b204e9800998ecf8427e",
        "groups": {},
        "checks": {
                "status is 200": {
                    "name": "status is 200",
                    "path": "::status is 200",
                    "id": "6210a8cd14cd70477eba5c5e4cb3fb5f",
                    "passes": 26001,
                    "fails": 0
                }
            }
    }
}