{
    "root_group": {
        "name": "",
        "path": "",
        "id": "d41d8cd98f00b204e9800998ecf8427e",
        "groups": {},
        "checks": {
                "status is 200": {
                    "id": "6210a8cd14cd70477eba5c5e4cb3fb5f",
                    "passes": 26015,
                    "fails": 0,
                    "name": "status is 200",
                    "path": "::status is 200"
                }
            }
    },
    "metrics": {
        "iterations": {
            "count": 26015,
            "rate": 433.3511014531046
        },
        "http_req_connecting": {
            "max": 0.479709,
            "p(90)": 0,
            "p(95)": 0,
            "p(99)": 0,
            "avg": 0.0001936528541226216,
            "min": 0,
            "med": 0
        },
        "violation_60ms": {
            "passes": 40,
            "fails": 25975,
            "thresholds": {
                "rate<0.20": false
            },
            "value": 0.001537574476263694
        },
        "http_req_receiving": {
            "avg": 0.03912471531808581,
            "min": 0.00668,
            "med": 0.029538,
            "max": 1.144124,
            "p(90)": 0.05709440000000001,
            "p(95)": 0.09388469999999997,
            "p(99)": 0.24191186000000012
        },
        "http_req_tls_handshaking": {
            "max": 0,
            "p(90)": 0,
            "p(95)": 0,
            "p(99)": 0,
            "avg": 0,
            "min": 0,
            "med": 0
        },
        "data_received": {
            "count": 22190695,
            "rate": 369646.8237655161
        },
        "http_reqs": {
            "rate": 433.3511014531046,
            "count": 26015
        },
        "http_req_waiting": {
            "p(95)": 46.156322599999996,
            "p(99)": 46.3502721,
            "avg": 46.00660250451681,
            "min": 45.168049,
            "med": 45.810622,
            "max": 228.075878,
            "p(90)": 46.081251
        },
        "http_req_blocked": {
            "avg": 0.002980715202767616,
            "min": 0.00052,
            "med": 0.002216,
            "max": 0.517566,
            "p(90)": 0.003572600000000002,
            "p(95)": 0.004064299999999999,
            "p(99)": 0.008260020000000003
        },
        "http_req_failed": {
            "passes": 0,
            "fails": 26015,
            "thresholds": {
                "rate<0.01": false
            },
            "value": 0
        },
        "vus": {
            "value": 20,
            "min": 20,
            "max": 20
        },
        "vus_max": {
            "value": 20,
            "min": 20,
            "max": 20
        },
        "violation_80ms": {
            "fails": 25975,
            "passes": 40,
            "thresholds": {
                "rate<0.10": false
            },
            "value": 0.001537574476263694
        },
        "http_req_duration": {
            "min": 45.185851,
            "med": 45.859557,
            "max": 228.193746,
            "p(90)": 46.132556,
            "p(95)": 46.2110848,
            "p(99)": 46.45375054,
            "avg": 46.05462825154714,
            "thresholds": {
                "p(99)<500": false,
                "p(95)<200": false
            }
        },
        "data_sent": {
            "count": 1821050,
            "rate": 30334.57710171732
        },
        "iteration_duration": {
            "p(95)": 46.3098521,
            "p(99)": 46.583099680000004,
            "avg": 46.13814711032104,
            "min": 45.224724,
            "med": 45.946989,
            "max": 228.771629,
            "p(90)": 46.2212748
        },
        "checks": {
            "passes": 26015,
            "fails": 0,
            "value": 1
        },
        "violation_100ms": {
            "passes": 40,
            "fails": 25975,
            "thresholds": {
                "rate<0.05": false
            },
            "value": 0.001537574476263694
        },
        "http_req_duration{expected_response:true}": {
            "avg": 46.05462825154714,
            "min": 45.185851,
            "med": 45.859557,
            "max": 228.193746,
            "p(90)": 46.132556,
            "p(95)": 46.2110848,
            "p(99)": 46.45375054
        },
        "http_req_sending": {
            "p(90)": 0.011120200000000005,
            "p(95)": 0.012791299999999999,
            "p(99)": 0.07324680000000051,
            "avg": 0.0089010317124736,
            "min": 0.001617,
            "med": 0.006383,
            "max": 0.545554
        }
    }
}