{
    "metrics": {
        "vus": {
            "value": 20,
            "min": 20,
            "max": 20
        },
        "http_reqs": {
            "rate": 433.3062830011818,
            "count": 26015
        },
        "http_req_connecting": {
            "med": 0,
            "max": 0.493588,
            "p(90)": 0,
            "p(95)": 0,
            "p(99)": 0,
            "avg": 0.00017934864501249284,
            "min": 0
        },
        "http_req_receiving": {
            "p(95)": 0.09811519999999996,
            "p(99)": 0.24467396000000022,
            "avg": 0.0393138060734194,
            "min": 0.006343,
            "med": 0.02971,
            "max": 0.956329,
            "p(90)": 0.05697580000000002
        },
        "data_received": {
            "count": 22190695,
            "rate": 369608.5937983052
        },
        "vus_max": {
            "min": 20,
            "max": 20,
            "value": 20
        },
        "violation_60ms": {
            "fails": 25973,
            "passes": 42,
            "thresholds": {
                "rate<0.20": false
            },
            "value": 0.0016144532000768787
        },
        "http_req_waiting": {
            "p(99)": 46.34569936,
            "avg": 46.01575506765334,
            "min": 45.168887,
            "med": 45.821521,
            "max": 228.091935,
            "p(90)": 46.083812,
            "p(95)": 46.1559819
        },
        "checks": {
            "passes": 26015,
            "fails": 0,
            "value": 1
        },
        "http_req_duration{expected_response:true}": {
            "p(99)": 46.44451048,
            "avg": 46.063933604305475,
            "min": 45.195613,
            "med": 45.870588,
            "max": 228.18113,
            "p(90)": 46.1350184,
            "p(95)": 46.211909999999996
        },
        "violation_100ms": {
            "passes": 40,
            "fails": 25975,
            "thresholds": {
                "rate<0.05": false
            },
            "value": 0.001537574476263694
        },
        "http_req_tls_handshaking": {
            "p(95)": 0,
            "p(99)": 0,
            "avg": 0,
            "min": 0,
            "med": 0,
            "max": 0,
            "p(90)": 0
        },
        "http_req_sending": {
            "max": 0.599846,
            "p(90)": 0.011084,
            "p(95)": 0.012897699999999995,
            "p(99)": 0.07018794000000002,
            "avg": 0.008864730578512375,
            "min": 0.001647,
            "med": 0.006436
        },
        "http_req_duration": {
            "p(95)": 46.211909999999996,
            "p(99)": 46.44451048,
            "avg": 46.063933604305475,
            "min": 45.195613,
            "med": 45.870588,
            "max": 228.18113,
            "p(90)": 46.1350184,
            "thresholds": {
                "p(95)<200": false,
                "p(99)<500": false
            }
        },
        "http_req_blocked": {
            "avg": 0.0029621090909090894,
            "min": 0.000569,
            "med": 0.002238,
            "max": 0.52296,
            "p(90)": 0.003608,
            "p(95)": 0.004084,
            "p(99)": 0.009146760000000009
        },
        "data_sent": {
            "count": 1821050,
            "rate": 30331.439810082724
        },
        "iteration_duration": {
            "med": 45.957606,
            "max": 228.585429,
            "p(90)": 46.2223408,
            "p(95)": 46.3066073,
            "p(99)": 46.56353128,
            "avg": 46.14636878135703,
            "min": 45.237895
        },
        "http_req_failed": {
            "passes": 0,
            "fails": 26015,
            "thresholds": {
                "rate<0.01": false
            },
            "value": 0
        },
        "iterations": {
            "count": 26015,
            "rate": 433.3062830011818
        },
        "violation_80ms": {
            "passes": 40,
            "fails": 25975,
            "thresholds": {
                "rate<0.10": false
            },
            "value": 0.001537574476263694
        }
    },
    "root_group": {
        "groups": {},
        "checks": {
                "status is 200": {
                    "path": "::status is 200",
                    "id": "6210a8cd14cd70477eba5c5e4cb3fb5f",
                    "passes": 26015,
                    "fails": 0,
                    "name": "status is 200"
                }
            },
        "name": "",
        "path": "",
        "id": "d41d8cd98f00b204e9800998ecf8427e"
    }
}