{
    "root_group": {
        "name": "",
        "path": "",
        "id": "d41d8cd98f00b204e9800998ecf8427e",
        "groups": {},
        "checks": {
                "status is 200": {
                    "passes": 38643,
                    "fails": 0,
                    "name": "status is 200",
                    "path": "::status is 200",
                    "id": "6210a8cd14cd70477eba5c5e4cb3fb5f"
                }
            }
    },
    "metrics": {
        "http_req_tls_handshaking": {
            "min": 0,
            "med": 0,
            "max": 0,
            "p(90)": 0,
            "p(95)": 0,
            "p(99)": 0,
            "avg": 0
        },
        "data_sent": {
            "count": 2705010,
            "rate": 45080.42225889277
        },
        "http_reqs": {
            "rate": 644.0060322698968,
            "count": 38643
        },
        "http_req_sending": {
            "p(90)": 0.010810800000000002,
            "p(95)": 0.012895500000000006,
            "p(99)": 0.06972092000000005,
            "avg": 0.008447070594933047,
            "min": 0.001675,
            "med": 0.006148,
            "max": 0.76237
        },
        "http_req_duration": {
            "p(99)": 31.45674476,
            "avg": 30.96627648624617,
            "min": 30.163154,
            "med": 30.889116,
            "max": 143.066639,
            "p(90)": 31.1230868,
            "p(95)": 31.202377000000002,
            "thresholds": {
                "p(99)<500": false,
                "p(95)<200": false
            }
        },
        "iteration_duration": {
            "min": 30.19329,
            "med": 30.967327,
            "max": 143.341671,
            "p(90)": 31.2074564,
            "p(95)": 31.2965289,
            "p(99)": 31.58695462,
            "avg": 31.04577208674277
        },
        "vus": {
            "value": 20,
            "min": 20,
            "max": 20
        },
        "iterations": {
            "count": 38643,
            "rate": 644.0060322698968
        },
        "violation_100ms": {
            "passes": 25,
            "fails": 38618,
            "thresholds": {
                "rate<0.05": false
            },
            "value": 0.0006469477007478716
        },
        "violation_80ms": {
            "passes": 40,
            "fails": 38603,
            "thresholds": {
                "rate<0.10": false
            },
            "value": 0.0010351163211965945
        },
        "data_received": {
            "count": 32962379,
            "rate": 549335.4789733345
        },
        "http_req_receiving": {
            "p(90)": 0.05709020000000002,
            "p(95)": 0.10665260000000026,
            "p(99)": 0.2507451400000005,
            "avg": 0.038565066273322464,
            "min": 0.005909,
            "med": 0.027955,
            "max": 1.051435
        },
        "http_req_blocked": {
            "min": 0.000509,
            "med": 0.002147,
            "max": 1.048486,
            "p(90)": 0.003566,
            "p(95)": 0.004067,
            "p(99)": 0.007978160000000092,
            "avg": 0.00277139098931242
        },
        "vus_max": {
            "value": 20,
            "min": 20,
            "max": 20
        },
        "http_req_duration{expected_response:true}": {
            "p(95)": 31.202377000000002,
            "p(99)": 31.45674476,
            "avg": 30.96627648624617,
            "min": 30.163154,
            "med": 30.889116,
            "max": 143.066639,
            "p(90)": 31.1230868
        },
        "checks": {
            "passes": 38643,
            "fails": 0,
            "value": 1
        },
        "http_req_waiting": {
            "p(90)": 31.0722458,
            "p(95)": 31.141445,
            "p(99)": 31.3381314,
            "avg": 30.919264349377638,
            "min": 30.149655,
            "med": 30.843724,
            "max": 142.990609
        },
        "http_req_failed": {
            "passes": 0,
            "fails": 38643,
            "thresholds": {
                "rate<0.01": false
            },
            "value": 0
        },
        "violation_60ms": {
            "passes": 40,
            "fails": 38603,
            "thresholds": {
                "rate<0.20": false
            },
            "value": 0.0010351163211965945
        },
        "http_req_connecting": {
            "med": 0,
            "max": 0.327832,
            "p(90)": 0,
            "p(95)": 0,
            "p(99)": 0,
            "avg": 0.0001135627409880185,
            "min": 0
        }
    }
}