{
    "root_group": {
        "name": "",
        "path": "",
        "id": "d41d8cd98f00b204e9800998ecf8427e",
        "groups": {},
        "checks": {
                "status is 200": {
                    "name": "status is 200",
                    "path": "::status is 200",
                    "id": "6210a8cd14cd70477eba5c5e4cb3fb5f",
                    "passes": 38672,
                    "fails": 0
                }
            }
    },
    "metrics": {
        "vus_max": {
            "value": 20,
            "min": 20,
            "max": 20
        },
        "iterations": {
            "count": 38672,
            "rate": 644.3846961655564
        },
        "http_req_tls_handshaking": {
            "med": 0,
            "max": 0,
            "p(90)": 0,
            "p(95)": 0,
            "p(99)": 0,
            "avg": 0,
            "min": 0
        },
        "http_reqs": {
            "count": 38672,
            "rate": 644.3846961655564
        },
        "data_received": {
            "count": 32987116,
            "rate": 549658.4795469063
        },
        "violation_60ms": {
            "passes": 40,
            "fails": 38632,
            "thresholds": {
                "rate<0.20": false
            },
            "value": 0.001034340091021928
        },
        "http_req_duration{expected_response:true}": {
            "avg": 30.94892834278036,
            "min": 30.161401,
            "med": 30.8687705,
            "max": 153.634965,
            "p(90)": 31.1221218,
            "p(95)": 31.2028729,
            "p(99)": 31.446545360000002
        },
        "http_req_failed": {
            "passes": 0,
            "fails": 38672,
            "thresholds": {
                "rate<0.01": false
            },
            "value": 0
        },
        "http_req_receiving": {
            "min": 0.005789,
            "med": 0.027369,
            "max": 20.031798,
            "p(90)": 0.05637920000000001,
            "p(95)": 0.10667434999999993,
            "p(99)": 0.2550588300000003,
            "avg": 0.03922299314749696
        },
        "http_req_connecting": {
            "avg": 0.00018320860053785685,
            "min": 0,
            "med": 0,
            "max": 1.214195,
            "p(90)": 0,
            "p(95)": 0,
            "p(99)": 0
        },
        "data_sent": {
            "count": 2707040,
            "rate": 45106.928731588945
        },
        "violation_100ms": {
            "passes": 21,
            "fails": 38651,
            "thresholds": {
                "rate<0.05": false
            },
            "value": 0.0005430285477865122
        },
        "iteration_duration": {
            "min": 30.199893,
            "med": 30.946441999999998,
            "max": 153.945992,
            "p(90)": 31.2111979,
            "p(95)": 31.302054899999998,
            "p(99)": 31.58872341,
            "avg": 31.027572012205123
        },
        "http_req_blocked": {
            "max": 1.319005,
            "p(90)": 0.003452,
            "p(95)": 0.00397,
            "p(99)": 0.008254360000000073,
            "avg": 0.0027918869983450546,
            "min": 0.000451,
            "med": 0.002096
        },
        "http_req_duration": {
            "max": 153.634965,
            "p(90)": 31.1221218,
            "p(95)": 31.2028729,
            "p(99)": 31.446545360000002,
            "avg": 30.94892834278036,
            "min": 30.161401,
            "med": 30.8687705,
            "thresholds": {
                "p(95)<200": false,
                "p(99)<500": false
            }
        },
        "http_req_sending": {
            "med": 0.00598,
            "max": 1.14356,
            "p(90)": 0.010592,
            "p(95)": 0.012604449999999998,
            "p(99)": 0.06984149000000008,
            "avg": 0.008469561594952359,
            "min": 0.001515
        },
        "vus": {
            "value": 20,
            "min": 20,
            "max": 20
        },
        "checks": {
            "passes": 38672,
            "fails": 0,
            "value": 1
        },
        "http_req_waiting": {
            "avg": 30.90123578803777,
            "min": 30.146612,
            "med": 30.823086500000002,
            "max": 153.576889,
            "p(90)": 31.0713337,
            "p(95)": 31.14399885,
            "p(99)": 31.35022327
        },
        "violation_80ms": {
            "passes": 40,
            "fails": 38632,
            "thresholds": {
                "rate<0.10": false
            },
            "value": 0.001034340091021928
        }
    }
}