{
    "metrics": {
        "iteration_duration": {
            "med": 30.975369,
            "max": 144.269241,
            "p(90)": 31.2143663,
            "p(95)": 31.30137405,
            "p(99)": 31.565267340000002,
            "avg": 31.042826311814636,
            "min": 30.249169
        },
        "http_req_tls_handshaking": {
            "max": 0,
            "p(90)": 0,
            "p(95)": 0,
            "p(99)": 0,
            "avg": 0,
            "min": 0,
            "med": 0
        },
        "data_sent": {
            "count": 2706480,
            "rate": 45085.26708559031
        },
        "http_req_duration": {
            "p(95)": 31.2039984,
            "p(99)": 31.45023308,
            "avg": 30.962733090471815,
            "min": 30.207476,
            "med": 30.8943705,
            "max": 143.603734,
            "p(90)": 31.1270742,
            "thresholds": {
                "p(95)<200": false,
                "p(99)<500": false
            }
        },
        "vus_max": {
            "min": 20,
            "max": 20,
            "value": 20
        },
        "http_req_blocked": {
            "p(99)": 0.007421070000000029,
            "avg": 0.002872877327746761,
            "min": 0.000501,
            "med": 0.002123,
            "max": 0.93657,
            "p(90)": 0.0035127000000000044,
            "p(95)": 0.003999
        },
        "http_req_sending": {
            "p(90)": 0.011042700000000004,
            "p(95)": 0.012980849999999999,
            "p(99)": 0.07539437000000053,
            "avg": 0.008713126810469778,
            "min": 0.001644,
            "med": 0.0061215,
            "max": 0.605474
        },
        "http_req_failed": {
            "passes": 0,
            "fails": 38664,
            "thresholds": {
                "rate<0.01": false
            },
            "value": 0
        },
        "violation_100ms": {
            "passes": 24,
            "fails": 38640,
            "thresholds": {
                "rate<0.05": false
            },
            "value": 0.0006207324643078833
        },
        "http_req_duration{expected_response:true}": {
            "avg": 30.962733090471815,
            "min": 30.207476,
            "med": 30.8943705,
            "max": 143.603734,
            "p(90)": 31.1270742,
            "p(95)": 31.2039984,
            "p(99)": 31.45023308
        },
        "violation_80ms": {
            "passes": 40,
            "fails": 38624,
            "thresholds": {
                "rate<0.10": false
            },
            "value": 0.0010345541071798054
        },
        "http_req_connecting": {
            "med": 0,
            "max": 0.879927,
            "p(90)": 0,
            "p(95)": 0,
            "p(99)": 0,
            "avg": 0.00031730348644734135,
            "min": 0
        },
        "http_req_receiving": {
            "max": 9.327853,
            "p(90)": 0.05705310000000001,
            "p(95)": 0.10531164999999992,
            "p(99)": 0.24946762000000008,
            "avg": 0.038618509362714576,
            "min": 0.006342,
            "med": 0.027972999999999998
        },
        "http_reqs": {
            "count": 38664,
            "rate": 644.0752440798616
        },
        "http_req_waiting": {
            "p(90)": 31.0770159,
            "p(95)": 31.1465348,
            "p(99)": 31.35211351,
            "avg": 30.915401454298777,
            "min": 30.172675,
            "med": 30.848801,
            "max": 143.353492
        },
        "vus": {
            "value": 20,
            "min": 20,
            "max": 20
        },
        "iterations": {
            "count": 38664,
            "rate": 644.0752440798616
        },
        "data_received": {
            "count": 32980292,
            "rate": 549394.5173733992
        },
        "checks": {
            "passes": 38664,
            "fails": 0,
            "value": 1
        },
        "violation_60ms": {
            "passes": 40,
            "fails": 38624,
            "thresholds": {
                "rate<0.20": false
            },
            "value": 0.0010345541071798054
        }
    },
    "root_group": {
        "groups": {},
        "checks": {
                "status is 200": {
                    "name": "status is 200",
                    "path": "::status is 200",
                    "id": "6210a8cd14cd70477eba5c5e4cb3fb5f",
                    "passes": 38664,
                    "fails": 0
                }
            },
        "name": "",
        "path": "",
        "id": "d41d8cd98f00b204e9800998ecf8427e"
    }
}