{
    "metrics": {
        "vus_max": {
            "value": 20,
            "min": 20,
            "max": 20
        },
        "http_reqs": {
            "count": 25995,
            "rate": 433.0411922572425
        },
        "http_req_duration{expected_response:true}": {
            "p(95)": 46.2208011,
            "p(99)": 46.500592620000006,
            "avg": 46.09084286358928,
            "min": 45.189868,
            "med": 45.906026,
            "max": 227.758356,
            "p(90)": 46.147884000000005
        },
        "http_req_waiting": {
            "p(99)": 46.39336226,
            "avg": 46.04149773644918,
            "min": 45.173678,
            "med": 45.85719,
            "max": 227.675979,
            "p(90)": 46.0936142,
            "p(95)": 46.1659936
        },
        "http_req_receiving": {
            "max": 1.055206,
            "p(90)": 0.05992760000000001,
            "p(95)": 0.10828519999999998,
            "p(99)": 0.25758170000000147,
            "avg": 0.040381268090017026,
            "min": 0.005998,
            "med": 0.029695
        },
        "http_req_failed": {
            "passes": 0,
            "fails": 25995,
            "thresholds": {
                "rate<0.01": false
            },
            "value": 0
        },
        "iterations": {
            "count": 25995,
            "rate": 433.0411922572425
        },
        "http_req_tls_handshaking": {
            "avg": 0,
            "min": 0,
            "med": 0,
            "max": 0,
            "p(90)": 0,
            "p(95)": 0,
            "p(99)": 0
        },
        "checks": {
            "fails": 0,
            "passes": 25995,
            "value": 1
        },
        "data_received": {
            "count": 22173635,
            "rate": 369382.4711320224
        },
        "violation_60ms": {
            "passes": 41,
            "fails": 25954,
            "thresholds": {
                "rate<0.20": false
            },
            "value": 0.001577226389690325
        },
        "violation_100ms": {
            "fails": 25955,
            "passes": 40,
            "thresholds": {
                "rate<0.05": false
            },
            "value": 0.0015387574533564147
        },
        "http_req_connecting": {
            "p(95)": 0,
            "p(99)": 0,
            "avg": 0.00014161061742642815,
            "min": 0,
            "med": 0,
            "max": 0.190616,
            "p(90)": 0
        },
        "data_sent": {
            "count": 1819650,
            "rate": 30312.883458006978
        },
        "violation_80ms": {
            "fails": 25955,
            "passes": 40,
            "thresholds": {
                "rate<0.10": false
            },
            "value": 0.0015387574533564147
        },
        "http_req_sending": {
            "p(90)": 0.011055800000000006,
            "p(95)": 0.013100599999999992,
            "p(99)": 0.07254682000000012,
            "avg": 0.00896385904981727,
            "min": 0.00166,
            "med": 0.006473,
            "max": 0.567754
        },
        "vus": {
            "value": 20,
            "min": 20,
            "max": 20
        },
        "http_req_duration": {
            "p(90)": 46.147884000000005,
            "p(95)": 46.2208011,
            "p(99)": 46.500592620000006,
            "avg": 46.09084286358928,
            "min": 45.189868,
            "med": 45.906026,
            "max": 227.758356,
            "thresholds": {
                "p(95)<200": false,
                "p(99)<500": false
            }
        },
        "iteration_duration": {
            "avg": 46.17474954341221,
            "min": 45.219455,
            "med": 45.989236,
            "max": 228.107007,
            "p(90)": 46.2364186,
            "p(95)": 46.317937099999995,
            "p(99)": 46.628579359999996
        },
        "http_req_blocked": {
            "p(99)": 0.008646440000000097,
            "avg": 0.002952288363146758,
            "min": 0.000554,
            "med": 0.002231,
            "max": 0.496257,
            "p(90)": 0.003652,
            "p(95)": 0.004199
        }
    },
    "root_group": {
        "path": "",
        "id": "d41d8cd98f00b204e9800998ecf8427e",
        "groups": {},
        "checks": {
                "status is 200": {
                    "name": "status is 200",
                    "path": "::status is 200",
                    "id": "6210a8cd14cd70477eba5c5e4cb3fb5f",
                    "passes": 25995,
                    "fails": 0
                }
            },
        "name": ""
    }
}