{
    "root_group": {
        "name": "",
        "path": "",
        "id": "d41d8cd98f00b204e9800998ecf8427e",
        "groups": {},
        "checks": {
                "status is 200": {
                    "id": "6210a8cd14cd70477eba5c5e4cb3fb5f",
                    "passes": 38643,
                    "fails": 0,
                    "name": "status is 200",
                    "path": "::status is 200"
                }
            }
    },
    "metrics": {
        "http_req_connecting": {
            "avg": 0.00009271655927334835,
            "min": 0,
            "med": 0,
            "max": 0.17982,
            "p(90)": 0,
            "p(95)": 0,
            "p(99)": 0
        },
        "http_req_receiving": {
            "p(90)": 0.056817200000000026,
            "p(95)": 0.10333970000000008,
            "p(99)": 0.2463905400000001,
            "avg": 0.03828077444815348,
            "min": 0.005723,
            "med": 0.028008,
            "max": 1.010072
        },
        "vus": {
            "min": 20,
            "max": 20,
            "value": 20
        },
        "violation_100ms": {
            "passes": 24,
            "fails": 38619,
            "thresholds": {
                "rate<0.05": false
            },
            "value": 0.0006210697927179567
        },
        "iterations": {
            "rate": 643.947028104998,
            "count": 38643
        },
        "data_received": {
            "rate": 549285.1485733663,
            "count": 32962379
        },
        "http_req_duration": {
            "avg": 30.968234364723127,
            "min": 30.191224,
            "med": 30.89145,
            "max": 153.006713,
            "p(90)": 31.126934,
            "p(95)": 31.2100907,
            "p(99)": 31.4900346,
            "thresholds": {
                "p(95)<200": false,
                "p(99)<500": false
            }
        },
        "http_req_tls_handshaking": {
            "avg": 0,
            "min": 0,
            "med": 0,
            "max": 0,
            "p(90)": 0,
            "p(95)": 0,
            "p(99)": 0
        },
        "iteration_duration": {
            "avg": 31.048581011981337,
            "min": 30.239189,
            "med": 30.97028,
            "max": 153.329159,
            "p(90)": 31.2143134,
            "p(95)": 31.311036400000003,
            "p(99)": 31.633185740000002
        },
        "checks": {
            "passes": 38643,
            "fails": 0,
            "value": 1
        },
        "http_reqs": {
            "count": 38643,
            "rate": 643.947028104998
        },
        "http_req_blocked": {
            "med": 0.002145,
            "max": 0.503999,
            "p(90)": 0.003564,
            "p(95)": 0.004058900000000002,
            "p(99)": 0.008369500000000044,
            "avg": 0.00275070607872058,
            "min": 0.000481
        },
        "http_req_sending": {
            "avg": 0.008546407085371178,
            "min": 0.001592,
            "med": 0.006171,
            "max": 0.629082,
            "p(90)": 0.010770800000000002,
            "p(95)": 0.012714700000000004,
            "p(99)": 0.06984440000000022
        },
        "data_sent": {
            "count": 2705010,
            "rate": 45076.29196734986
        },
        "violation_80ms": {
            "passes": 40,
            "fails": 38603,
            "thresholds": {
                "rate<0.10": false
            },
            "value": 0.0010351163211965945
        },
        "violation_60ms": {
            "passes": 40,
            "fails": 38603,
            "thresholds": {
                "rate<0.20": false
            },
            "value": 0.0010351163211965945
        },
        "vus_max": {
            "value": 20,
            "min": 20,
            "max": 20
        },
        "http_req_failed": {
            "passes": 0,
            "fails": 38643,
            "thresholds": {
                "rate<0.01": false
            },
            "value": 0
        },
        "http_req_duration{expected_response:true}": {
            "max": 153.006713,
            "p(90)": 31.126934,
            "p(95)": 31.2100907,
            "p(99)": 31.4900346,
            "avg": 30.968234364723127,
            "min": 30.191224,
            "med": 30.89145
        },
        "http_req_waiting": {
            "min": 30.168233,
            "med": 30.845288,
            "max": 152.848518,
            "p(90)": 31.077136799999998,
            "p(95)": 31.151751100000002,
            "p(99)": 31.38026992,
            "avg": 30.9214071831897
        }
    }
}