{
    "root_group": {
        "path": "",
        "id": "d41d8cd98f00b204e9800998ecf8427e",
        "groups": {},
        "checks": {
                "status is 200": {
                    "name": "status is 200",
                    "path": "::status is 200",
                    "id": "6210a8cd14cd70477eba5c5e4cb3fb5f",
                    "passes": 38642,
                    "fails": 0
                }
            },
        "name": ""
    },
    "metrics": {
        "vus": {
            "min": 20,
            "max": 20,
            "value": 20
        },
        "violation_100ms": {
            "fails": 38617,
            "passes": 25,
            "thresholds": {
                "rate<0.05": false
            },
            "value": 0.0006469644428342219
        },
        "violation_60ms": {
            "passes": 40,
            "fails": 38602,
            "thresholds": {
                "rate<0.20": false
            },
            "value": 0.0010351431085347548
        },
        "http_req_receiving": {
            "med": 0.0281375,
            "max": 1.08856,
            "p(90)": 0.0567218,
            "p(95)": 0.10172619999999942,
            "p(99)": 0.24253475999999874,
            "avg": 0.03803523226023497,
            "min": 0.005553
        },
        "checks": {
            "passes": 38642,
            "fails": 0,
            "value": 1
        },
        "http_req_failed": {
            "passes": 0,
            "fails": 38642,
            "thresholds": {
                "rate<0.01": false
            },
            "value": 0
        },
        "data_sent": {
            "count": 2704940,
            "rate": 45059.89450469765
        },
        "iterations": {
            "count": 38642,
            "rate": 643.7127786385379
        },
        "http_req_duration{expected_response:true}": {
            "avg": 30.97735814991449,
            "min": 30.216223,
            "med": 30.893311,
            "max": 153.737376,
            "p(90)": 31.1291683,
            "p(95)": 31.20903045,
            "p(99)": 31.542305999999993
        },
        "http_req_tls_handshaking": {
            "max": 0,
            "p(90)": 0,
            "p(95)": 0,
            "p(99)": 0,
            "avg": 0,
            "min": 0,
            "med": 0
        },
        "http_req_duration": {
            "avg": 30.97735814991449,
            "min": 30.216223,
            "med": 30.893311,
            "max": 153.737376,
            "p(90)": 31.1291683,
            "p(95)": 31.20903045,
            "p(99)": 31.542305999999993,
            "thresholds": {
                "p(95)<200": false,
                "p(99)<500": false
            }
        },
        "http_req_sending": {
            "avg": 0.009104881294963962,
            "min": 0.001618,
            "med": 0.006168,
            "max": 0.910074,
            "p(90)": 0.010933900000000002,
            "p(95)": 0.013269949999999997,
            "p(99)": 0.08164499999999965
        },
        "data_received": {
            "count": 32961526,
            "rate": 549085.3343415562
        },
        "http_req_blocked": {
            "p(90)": 0.003541,
            "p(95)": 0.004051,
            "p(99)": 0.00831556999999992,
            "avg": 0.0028594254179390376,
            "min": 0.00049,
            "med": 0.002142,
            "max": 0.865387
        },
        "violation_80ms": {
            "passes": 40,
            "fails": 38602,
            "thresholds": {
                "rate<0.10": false
            },
            "value": 0.0010351431085347548
        },
        "http_req_waiting": {
            "min": 30.188685,
            "med": 30.846674,
            "max": 153.61287,
            "p(90)": 31.0809289,
            "p(95)": 31.153583949999998,
            "p(99)": 31.44620945999999,
            "avg": 30.93021803635928
        },
        "vus_max": {
            "min": 20,
            "max": 20,
            "value": 20
        },
        "http_reqs": {
            "count": 38642,
            "rate": 643.7127786385379
        },
        "http_req_connecting": {
            "min": 0,
            "med": 0,
            "max": 0.34576,
            "p(90)": 0,
            "p(95)": 0,
            "p(99)": 0,
            "avg": 0.00009658001656228972
        },
        "iteration_duration": {
            "max": 154.003111,
            "p(90)": 31.2180603,
            "p(95)": 31.311270200000003,
            "p(99)": 31.681913399999996,
            "avg": 31.059632763857827,
            "min": 30.248208,
            "med": 30.9751015
        }
    }
}