{
    "metrics": {
        "vus": {
            "max": 20,
            "value": 20,
            "min": 20
        },
        "vus_max": {
            "value": 20,
            "min": 20,
            "max": 20
        },
        "iteration_duration": {
            "p(99)": 46.64012561,
            "avg": 46.21073547073527,
            "min": 45.197785,
            "med": 46.019188,
            "max": 228.694921,
            "p(90)": 46.2532596,
            "p(95)": 46.339887049999994
        },
        "checks": {
            "passes": 25970,
            "fails": 0,
            "value": 1
        },
        "violation_60ms": {
            "passes": 40,
            "fails": 25930,
            "thresholds": {
                "rate<0.20": false
            },
            "value": 0.0015402387370042356
        },
        "http_req_connecting": {
            "min": 0,
            "med": 0,
            "max": 0.211707,
            "p(90)": 0,
            "p(95)": 0,
            "p(99)": 0,
            "avg": 0.00013177420100115515
        },
        "data_received": {
            "count": 22152310,
            "rate": 369090.27453589084
        },
        "http_req_duration": {
            "min": 45.16271,
            "med": 45.9326075,
            "max": 228.124799,
            "p(90)": 46.1626938,
            "p(95)": 46.2381115,
            "p(99)": 46.509352660000005,
            "avg": 46.123936690719695,
            "thresholds": {
                "p(95)<200": false,
                "p(99)<500": false
            }
        },
        "http_req_blocked": {
            "med": 0.002287,
            "max": 0.630326,
            "p(90)": 0.003695100000000002,
            "p(95)": 0.00418,
            "p(99)": 0.009042900000000118,
            "avg": 0.002971507855217547,
            "min": 0.00054
        },
        "violation_100ms": {
            "passes": 40,
            "fails": 25930,
            "thresholds": {
                "rate<0.05": false
            },
            "value": 0.0015402387370042356
        },
        "violation_80ms": {
            "passes": 40,
            "fails": 25930,
            "thresholds": {
                "rate<0.10": false
            },
            "value": 0.0015402387370042356
        },
        "iterations": {
            "count": 25970,
            "rate": 432.6986408955583
        },
        "http_req_tls_handshaking": {
            "p(99)": 0,
            "avg": 0,
            "min": 0,
            "med": 0,
            "max": 0,
            "p(90)": 0,
            "p(95)": 0
        },
        "http_req_waiting": {
            "max": 228.08283,
            "p(90)": 46.109547899999995,
            "p(95)": 46.180051500000005,
            "p(99)": 46.40046233,
            "avg": 46.07297268563722,
            "min": 45.147088,
            "med": 45.884637
        },
        "http_reqs": {
            "count": 25970,
            "rate": 432.6986408955583
        },
        "http_req_duration{expected_response:true}": {
            "med": 45.9326075,
            "max": 228.124799,
            "p(90)": 46.1626938,
            "p(95)": 46.2381115,
            "p(99)": 46.509352660000005,
            "avg": 46.123936690719695,
            "min": 45.16271
        },
        "data_sent": {
            "rate": 30288.90486268908,
            "count": 1817900
        },
        "http_req_sending": {
            "avg": 0.009639857720446577,
            "min": 0.001631,
            "med": 0.006594,
            "max": 0.544843,
            "p(90)": 0.011792200000000004,
            "p(95)": 0.014325099999999999,
            "p(99)": 0.08424086
        },
        "http_req_failed": {
            "passes": 0,
            "fails": 25970,
            "thresholds": {
                "rate<0.01": false
            },
            "value": 0
        },
        "http_req_receiving": {
            "p(99)": 0.2541215700000015,
            "avg": 0.04132414736234119,
            "min": 0.006149,
            "med": 0.029973,
            "max": 14.488039,
            "p(90)": 0.059624400000000057,
            "p(95)": 0.10284004999999996
        }
    },
    "root_group": {
        "id": "d41d8cd98f00b204e9800998ecf8427e",
        "groups": {},
        "checks": {
                "status is 200": {
                    "name": "status is 200",
                    "path": "::status is 200",
                    "id": "6210a8cd14cd70477eba5c5e4cb3fb5f",
                    "passes": 25970,
                    "fails": 0
                }
            },
        "name": "",
        "path": ""
    }
}