{
    "metrics": {
        "data_sent": {
            "rate": 30291.19084862011,
            "count": 1817480
        },
        "violation_60ms": {
            "passes": 40,
            "fails": 25924,
            "thresholds": {
                "rate<0.20": false
            },
            "value": 0.0015405946695424434
        },
        "checks": {
            "passes": 25964,
            "fails": 0,
            "value": 1
        },
        "vus": {
            "value": 20,
            "min": 20,
            "max": 20
        },
        "data_received": {
            "count": 22147192,
            "rate": 369118.1303965009
        },
        "violation_100ms": {
            "fails": 25924,
            "passes": 40,
            "thresholds": {
                "rate<0.05": false
            },
            "value": 0.0015405946695424434
        },
        "vus_max": {
            "value": 20,
            "min": 20,
            "max": 20
        },
        "http_req_failed": {
            "passes": 0,
            "fails": 25964,
            "thresholds": {
                "rate<0.01": false
            },
            "value": 0
        },
        "http_req_waiting": {
            "med": 45.8895985,
            "max": 212.218824,
            "p(90)": 46.1166245,
            "p(95)": 46.1931867,
            "p(99)": 46.41698153,
            "avg": 46.07022975804932,
            "min": 45.163856
        },
        "http_req_connecting": {
            "p(99)": 0,
            "avg": 0.00012718013403173622,
            "min": 0,
            "med": 0,
            "max": 0.215317,
            "p(90)": 0,
            "p(95)": 0
        },
        "http_req_duration{expected_response:true}": {
            "p(99)": 46.52917868,
            "avg": 46.12039299892148,
            "min": 45.181787,
            "med": 45.937781,
            "max": 212.603453,
            "p(90)": 46.1701808,
            "p(95)": 46.254975699999996
        },
        "http_req_blocked": {
            "p(90)": 0.003678,
            "p(95)": 0.004178,
            "p(99)": 0.009395209999999966,
            "avg": 0.002989089393005706,
            "min": 0.000513,
            "med": 0.002257,
            "max": 0.519519
        },
        "iteration_duration": {
            "avg": 46.2071548328451,
            "min": 45.213989,
            "med": 46.0228685,
            "max": 212.833311,
            "p(90)": 46.263257700000004,
            "p(95)": 46.363301549999996,
            "p(99)": 46.684045129999994
        },
        "violation_80ms": {
            "passes": 40,
            "fails": 25924,
            "thresholds": {
                "rate<0.10": false
            },
            "value": 0.0015405946695424434
        },
        "http_req_duration": {
            "avg": 46.12039299892148,
            "min": 45.181787,
            "med": 45.937781,
            "max": 212.603453,
            "p(90)": 46.1701808,
            "p(95)": 46.254975699999996,
            "p(99)": 46.52917868,
            "thresholds": {
                "p(95)<200": false,
                "p(99)<500": false
            }
        },
        "http_req_sending": {
            "p(90)": 0.011480700000000002,
            "p(95)": 0.013745249999999992,
            "p(99)": 0.08109268999999995,
            "avg": 0.009507345940533004,
            "min": 0.001519,
            "med": 0.006517,
            "max": 0.545751
        },
        "http_req_receiving": {
            "min": 0.006968,
            "med": 0.0297865,
            "max": 0.893933,
            "p(90)": 0.06044790000000001,
            "p(95)": 0.10820229999999952,
            "p(99)": 0.25709808999999967,
            "avg": 0.0406558949314436
        },
        "iterations": {
            "count": 25964,
            "rate": 432.7312978374302
        },
        "http_reqs": {
            "count": 25964,
            "rate": 432.7312978374302
        },
        "http_req_tls_handshaking": {
            "avg": 0,
            "min": 0,
            "med": 0,
            "max": 0,
            "p(90)": 0,
            "p(95)": 0,
            "p(99)": 0
        }
    },
    "root_group": {
        "checks": {
            "status is 200": {
                "id": "6210a8cd14cd70477eba5c5e4cb3fb5f",
                "passes": 25964,
                "fails": 0,
                "name": "status is 200",
                "path": "::status is 200"
            }
        },
        "name": "",
        "path": "",
        "id": "d41d8cd98f00b204e9800998ecf8427e",
        "groups": {}
    }
}