{
    "metrics": {
        "http_req_duration": {
            "p(95)": 46.235531800000004,
            "p(99)": 46.5009302,
            "avg": 46.1067333139796,
            "min": 45.230602,
            "med": 45.92131,
            "max": 227.383287,
            "p(90)": 46.1569858,
            "thresholds": {
                "p(95)<200": false,
                "p(99)<500": false
            }
        },
        "http_req_duration{expected_response:true}": {
            "p(95)": 46.235531800000004,
            "p(99)": 46.5009302,
            "avg": 46.1067333139796,
            "min": 45.230602,
            "med": 45.92131,
            "max": 227.383287,
            "p(90)": 46.1569858
        },
        "checks": {
            "passes": 25973,
            "fails": 0,
            "value": 1
        },
        "http_req_blocked": {
            "max": 0.608088,
            "p(90)": 0.003656,
            "p(95)": 0.004161,
            "p(99)": 0.008921599999999977,
            "avg": 0.0030653529049397463,
            "min": 0.000573,
            "med": 0.002263
        },
        "iterations": {
            "rate": 432.8681576322434,
            "count": 25973
        },
        "vus_max": {
            "value": 20,
            "min": 20,
            "max": 20
        },
        "http_req_tls_handshaking": {
            "p(99)": 0,
            "avg": 0,
            "min": 0,
            "med": 0,
            "max": 0,
            "p(90)": 0,
            "p(95)": 0
        },
        "iteration_duration": {
            "avg": 46.1928493554845,
            "min": 45.273381,
            "med": 46.007163,
            "max": 227.850267,
            "p(90)": 46.2459486,
            "p(95)": 46.3336462,
            "p(99)": 46.6398734
        },
        "http_req_failed": {
            "fails": 25973,
            "passes": 0,
            "thresholds": {
                "rate<0.01": false
            },
            "value": 0
        },
        "data_received": {
            "count": 22154869,
            "rate": 369234.8718520657
        },
        "http_req_connecting": {
            "p(90)": 0,
            "p(95)": 0,
            "p(99)": 0,
            "avg": 0.00026940515150348436,
            "min": 0,
            "med": 0,
            "max": 0.455249
        },
        "violation_100ms": {
            "fails": 25933,
            "passes": 40,
            "thresholds": {
                "rate<0.05": false
            },
            "value": 0.00154006083240288
        },
        "http_req_waiting": {
            "p(99)": 46.406734279999995,
            "avg": 46.05678711573553,
            "min": 45.201859,
            "med": 45.872138,
            "max": 227.311065,
            "p(90)": 46.103777,
            "p(95)": 46.1738086
        },
        "vus": {
            "value": 20,
            "min": 20,
            "max": 20
        },
        "data_sent": {
            "count": 1818110,
            "rate": 30300.771034257043
        },
        "violation_60ms": {
            "fails": 25933,
            "passes": 40,
            "thresholds": {
                "rate<0.20": false
            },
            "value": 0.00154006083240288
        },
        "http_reqs": {
            "count": 25973,
            "rate": 432.8681576322434
        },
        "http_req_sending": {
            "avg": 0.009133687714164705,
            "min": 0.001633,
            "med": 0.006549,
            "max": 0.749896,
            "p(90)": 0.0113688,
            "p(95)": 0.013389199999999993,
            "p(99)": 0.07458135999999925
        },
        "http_req_receiving": {
            "avg": 0.040812510530165824,
            "min": 0.006727,
            "med": 0.029914,
            "max": 0.986289,
            "p(90)": 0.06059579999999998,
            "p(95)": 0.11222559999999966,
            "p(99)": 0.26100099999999926
        },
        "violation_80ms": {
            "passes": 40,
            "fails": 25933,
            "thresholds": {
                "rate<0.10": false
            },
            "value": 0.00154006083240288
        }
    },
    "root_group": {
        "id": "d41d8cd98f00b204e9800998ecf8427e",
        "groups": {},
        "checks": {
                "status is 200": {
                    "fails": 0,
                    "name": "status is 200",
                    "path": "::status is 200",
                    "id": "6210a8cd14cd70477eba5c5e4cb3fb5f",
                    "passes": 25973
                }
            },
        "name": "",
        "path": ""
    }
}