{
    "root_group": {
        "groups": {},
        "checks": {
                "status is 200": {
                    "name": "status is 200",
                    "path": "::status is 200",
                    "id": "6210a8cd14cd70477eba5c5e4cb3fb5f",
                    "passes": 25973,
                    "fails": 0
                }
            },
        "name": "",
        "path": "",
        "id": "d41d8cd98f00b204e9800998ecf8427e"
    },
    "metrics": {
        "http_req_duration{expected_response:true}": {
            "max": 227.978944,
            "p(90)": 46.157473599999996,
            "p(95)": 46.2400178,
            "p(99)": 46.518965439999995,
            "avg": 46.113155878758796,
            "min": 45.198376,
            "med": 45.921618
        },
        "http_req_failed": {
            "passes": 0,
            "fails": 25973,
            "thresholds": {
                "rate<0.01": false
            },
            "value": 0
        },
        "http_req_blocked": {
            "p(90)": 0.003671,
            "p(95)": 0.004182399999999998,
            "p(99)": 0.00939927999999994,
            "avg": 0.003126117429638489,
            "min": 0.000534,
            "med": 0.002275,
            "max": 0.664431
        },
        "http_req_waiting": {
            "min": 45.17176,
            "med": 45.873929,
            "max": 227.845848,
            "p(90)": 46.104051,
            "p(95)": 46.176663000000005,
            "p(99)": 46.400014920000004,
            "avg": 46.06327645377906
        },
        "checks": {
            "passes": 25973,
            "fails": 0,
            "value": 1
        },
        "vus": {
            "max": 20,
            "value": 20,
            "min": 20
        },
        "iterations": {
            "count": 25973,
            "rate": 432.80901726230513
        },
        "vus_max": {
            "min": 20,
            "max": 20,
            "value": 20
        },
        "data_received": {
            "count": 22154869,
            "rate": 369184.4253442078
        },
        "violation_100ms": {
            "passes": 40,
            "fails": 25933,
            "thresholds": {
                "rate<0.05": false
            },
            "value": 0.00154006083240288
        },
        "http_reqs": {
            "rate": 432.80901726230513,
            "count": 25973
        },
        "data_sent": {
            "rate": 30296.63120836136,
            "count": 1818110
        },
        "violation_60ms": {
            "passes": 40,
            "fails": 25933,
            "thresholds": {
                "rate<0.20": false
            },
            "value": 0.00154006083240288
        },
        "http_req_connecting": {
            "max": 0.527158,
            "p(90)": 0,
            "p(95)": 0,
            "p(99)": 0,
            "avg": 0.00024328864590151313,
            "min": 0,
            "med": 0
        },
        "violation_80ms": {
            "passes": 40,
            "fails": 25933,
            "thresholds": {
                "rate<0.10": false
            },
            "value": 0.00154006083240288
        },
        "http_req_sending": {
            "avg": 0.009395190313017332,
            "min": 0.001668,
            "med": 0.006586,
            "max": 0.631725,
            "p(90)": 0.0115248,
            "p(95)": 0.013863399999999998,
            "p(99)": 0.08134263999999992
        },
        "iteration_duration": {
            "avg": 46.19905014257111,
            "min": 45.249967,
            "med": 46.004697,
            "max": 228.307547,
            "p(90)": 46.2499592,
            "p(95)": 46.3493566,
            "p(99)": 46.646153
        },
        "http_req_duration": {
            "med": 45.921618,
            "max": 227.978944,
            "p(90)": 46.157473599999996,
            "p(95)": 46.2400178,
            "p(99)": 46.518965439999995,
            "avg": 46.113155878758796,
            "min": 45.198376,
            "thresholds": {
                "p(95)<200": false,
                "p(99)<500": false
            }
        },
        "http_req_tls_handshaking": {
            "p(90)": 0,
            "p(95)": 0,
            "p(99)": 0,
            "avg": 0,
            "min": 0,
            "med": 0,
            "max": 0
        },
        "http_req_receiving": {
            "max": 0.787578,
            "p(90)": 0.059796,
            "p(95)": 0.10707919999999964,
            "p(99)": 0.25113284,
            "avg": 0.04048423466676945,
            "min": 0.006805,
            "med": 0.030074
        }
    }
}