{
    "metrics": {
        "http_req_failed": {
            "passes": 0,
            "fails": 26003,
            "thresholds": {
                "rate<0.01": false
            },
            "value": 0
        },
        "http_req_connecting": {
            "avg": 0.00012084455639733878,
            "min": 0,
            "med": 0,
            "max": 0.185768,
            "p(90)": 0,
            "p(95)": 0,
            "p(99)": 0
        },
        "vus": {
            "value": 20,
            "min": 20,
            "max": 20
        },
        "violation_80ms": {
            "passes": 40,
            "fails": 25963,
            "thresholds": {
                "rate<0.10": false
            },
            "value": 0.0015382840441487522
        },
        "http_req_duration{expected_response:true}": {
            "max": 212.747255,
            "p(90)": 46.129995199999996,
            "p(95)": 46.2034751,
            "p(99)": 46.39114132,
            "avg": 46.05710969761179,
            "min": 45.20409,
            "med": 45.873829
        },
        "data_sent": {
            "count": 1820210,
            "rate": 30333.912605257614
        },
        "http_req_duration": {
            "med": 45.873829,
            "max": 212.747255,
            "p(90)": 46.129995199999996,
            "p(95)": 46.2034751,
            "p(99)": 46.39114132,
            "avg": 46.05710969761179,
            "min": 45.20409,
            "thresholds": {
                "p(95)<200": false,
                "p(99)<500": false
            }
        },
        "http_req_receiving": {
            "p(99)": 0.23715325999999998,
            "avg": 0.03888464877129547,
            "min": 0.005523,
            "med": 0.029519,
            "max": 0.840838,
            "p(90)": 0.057318199999999986,
            "p(95)": 0.09647329999999976
        },
        "vus_max": {
            "value": 20,
            "min": 20,
            "max": 20
        },
        "violation_60ms": {
            "passes": 41,
            "fails": 25962,
            "thresholds": {
                "rate<0.20": false
            },
            "value": 0.0015767411452524709
        },
        "checks": {
            "passes": 26003,
            "fails": 0,
            "value": 1
        },
        "data_received": {
            "count": 22180459,
            "rate": 369638.72566929075
        },
        "http_req_waiting": {
            "p(95)": 46.146538,
            "p(99)": 46.30742802,
            "avg": 46.00906842979675,
            "min": 45.189655,
            "med": 45.825464,
            "max": 212.654737,
            "p(90)": 46.0786564
        },
        "iteration_duration": {
            "p(99)": 46.534459919999996,
            "avg": 46.14264370545679,
            "min": 45.241257,
            "med": 45.961429,
            "max": 212.96089,
            "p(90)": 46.222680000000004,
            "p(95)": 46.3020353
        },
        "http_reqs": {
            "count": 26003,
            "rate": 433.34160864653734
        },
        "iterations": {
            "count": 26003,
            "rate": 433.34160864653734
        },
        "violation_100ms": {
            "passes": 40,
            "fails": 25963,
            "thresholds": {
                "rate<0.05": false
            },
            "value": 0.0015382840441487522
        },
        "http_req_blocked": {
            "max": 0.296671,
            "p(90)": 0.003632,
            "p(95)": 0.004155899999999998,
            "p(99)": 0.008670759999999972,
            "avg": 0.0027746984963273515,
            "min": 0.000547,
            "med": 0.002224
        },
        "http_req_tls_handshaking": {
            "p(99)": 0,
            "avg": 0,
            "min": 0,
            "med": 0,
            "max": 0,
            "p(90)": 0,
            "p(95)": 0
        },
        "http_req_sending": {
            "min": 0.001757,
            "med": 0.006421,
            "max": 0.650024,
            "p(90)": 0.011305,
            "p(95)": 0.013306799999999995,
            "p(99)": 0.07780317999999992,
            "avg": 0.009156619043956362
        }
    },
    "root_group": {
        "name": "",
        "path": "",
        "id": "d41d8cd98f00b204e9800998ecf8427e",
        "groups": {},
        "checks": {
                "status is 200": {
                    "name": "status is 200",
                    "path": "::status is 200",
                    "id": "6210a8cd14cd70477eba5c5e4cb3fb5f",
                    "passes": 26003,
                    "fails": 0
                }
            }
    }
}