{
    "metrics": {
        "data_sent": {
            "count": 519050,
            "rate": 8632.331514333577
        },
        "violation_100ms": {
            "fails": 447,
            "passes": 6968,
            "thresholds": {
                "rate<0.05": true
            },
            "value": 0.9397167902899528
        },
        "http_reqs": {
            "count": 7415,
            "rate": 123.3190216333368
        },
        "iterations": {
            "rate": 123.3190216333368,
            "count": 7415
        },
        "violation_80ms": {
            "passes": 7332,
            "fails": 83,
            "thresholds": {
                "rate<0.10": true
            },
            "value": 0.9888064733648011
        },
        "http_req_duration{expected_response:true}": {
            "avg": 161.96633929683045,
            "min": 52.800435,
            "med": 148.376518,
            "max": 761.499762,
            "p(90)": 216.2823836,
            "p(95)": 312.3891079999994,
            "p(99)": 417.85250632
        },
        "vus_max": {
            "value": 20,
            "min": 20,
            "max": 20
        },
        "http_req_blocked": {
            "avg": 0.0027612624409979816,
            "min": 0.00064,
            "med": 0.002167,
            "max": 0.407278,
            "p(90)": 0.0029766000000000003,
            "p(95)": 0.0034061999999999973,
            "p(99)": 0.0050180599999999935
        },
        "http_req_duration": {
            "p(95)": 312.3891079999994,
            "p(99)": 417.85250632,
            "avg": 161.96633929683045,
            "min": 52.800435,
            "med": 148.376518,
            "max": 761.499762,
            "p(90)": 216.2823836,
            "thresholds": {
                "p(95)<200": true,
                "p(99)<500": false
            }
        },
        "http_req_tls_handshaking": {
            "max": 0,
            "p(90)": 0,
            "p(95)": 0,
            "p(99)": 0,
            "avg": 0,
            "min": 0,
            "med": 0
        },
        "http_req_waiting": {
            "med": 145.403564,
            "max": 761.466854,
            "p(90)": 212.6294206,
            "p(95)": 305.4623929999975,
            "p(99)": 414.2986021,
            "avg": 159.03466044828048,
            "min": 52.774562
        },
        "http_req_failed": {
            "passes": 0,
            "fails": 7415,
            "thresholds": {
                "rate<0.01": false
            },
            "value": 0
        },
        "iteration_duration": {
            "avg": 162.03889308914418,
            "min": 52.854129,
            "med": 148.437037,
            "max": 761.564897,
            "p(90)": 216.3609092,
            "p(95)": 312.4561993999994,
            "p(99)": 417.91335624
        },
        "http_req_connecting": {
            "p(90)": 0,
            "p(95)": 0,
            "p(99)": 0,
            "avg": 0.00035932124072825353,
            "min": 0,
            "med": 0,
            "max": 0.243157
        },
        "violation_60ms": {
            "fails": 5,
            "passes": 7410,
            "thresholds": {
                "rate<0.20": true
            },
            "value": 0.9993256911665542
        },
        "http_req_sending": {
            "avg": 0.006954780445043837,
            "min": 0.001873,
            "med": 0.006405,
            "max": 0.284743,
            "p(90)": 0.008774600000000002,
            "p(95)": 0.0100223,
            "p(99)": 0.01803221999999991
        },
        "vus": {
            "value": 20,
            "min": 20,
            "max": 20
        },
        "http_req_receiving": {
            "min": 0.008185,
            "med": 0.032675,
            "max": 346.085714,
            "p(90)": 6.920100200000017,
            "p(95)": 22.24364259999995,
            "p(99)": 50.51061505999992,
            "avg": 2.9247240681051907
        },
        "checks": {
            "fails": 0,
            "passes": 7415,
            "value": 1
        },
        "data_received": {
            "count": 6324995,
            "rate": 105191.1254532363
        }
    },
    "root_group": {
        "name": "",
        "path": "",
        "id": "d41d8cd98f00b204e9800998ecf8427e",
        "groups": {},
        "checks": {
                "status is 200": {
                    "name": "status is 200",
                    "path": "::status is 200",
                    "id": "6210a8cd14cd70477eba5c5e4cb3fb5f",
                    "passes": 7415,
                    "fails": 0
                }
            }
    }
}