{
    "root_group": {
        "id": "d41d8cd98f00b204e9800998ecf8427e",
        "groups": {},
        "checks": {
                "status is 200": {
                    "name": "status is 200",
                    "path": "::status is 200",
                    "id": "6210a8cd14cd70477eba5c5e4cb3fb5f",
                    "passes": 9862,
                    "fails": 0
                }
            },
        "name": "",
        "path": ""
    },
    "metrics": {
        "data_received": {
            "count": 8412286,
            "rate": 140092.96883978508
        },
        "iteration_duration": {
            "min": 120.279831,
            "med": 120.9088555,
            "max": 602.4601,
            "p(90)": 121.1529121,
            "p(95)": 121.25812230000001,
            "p(99)": 121.60344174000001,
            "avg": 121.76486153731494
        },
        "http_reqs": {
            "count": 9862,
            "rate": 164.23560239130725
        },
        "http_req_duration": {
            "p(99)": 121.46793859,
            "avg": 121.67251991239033,
            "min": 120.235758,
            "med": 120.815344,
            "max": 602.206097,
            "p(90)": 121.0531706,
            "p(95)": 121.15172684999999,
            "thresholds": {
                "p(95)<200": false,
                "p(99)<500": false
            }
        },
        "http_req_blocked": {
            "p(99)": 0.008629779999999998,
            "avg": 0.0033973755830460444,
            "min": 0.000514,
            "med": 0.002517,
            "max": 0.476043,
            "p(90)": 0.0037197999999999997,
            "p(95)": 0.004219799999999996
        },
        "http_req_tls_handshaking": {
            "avg": 0,
            "min": 0,
            "med": 0,
            "max": 0,
            "p(90)": 0,
            "p(95)": 0,
            "p(99)": 0
        },
        "http_req_sending": {
            "min": 0.001668,
            "med": 0.0072955,
            "max": 0.563631,
            "p(90)": 0.011385199999999998,
            "p(95)": 0.01357754999999999,
            "p(99)": 0.09010682999999978,
            "avg": 0.010133744372338297
        },
        "violation_100ms": {
            "passes": 9862,
            "fails": 0,
            "thresholds": {
                "rate<0.05": true
            },
            "value": 1
        },
        "http_req_failed": {
            "passes": 0,
            "fails": 9862,
            "thresholds": {
                "rate<0.01": false
            },
            "value": 0
        },
        "http_req_connecting": {
            "min": 0,
            "med": 0,
            "max": 0.232785,
            "p(90)": 0,
            "p(95)": 0,
            "p(99)": 0,
            "avg": 0.00019086960048671667
        },
        "violation_80ms": {
            "passes": 9862,
            "fails": 0,
            "thresholds": {
                "rate<0.10": true
            },
            "value": 1
        },
        "data_sent": {
            "count": 690340,
            "rate": 11496.492167391509
        },
        "iterations": {
            "count": 9862,
            "rate": 164.23560239130725
        },
        "vus": {
            "value": 20,
            "min": 20,
            "max": 20
        },
        "violation_60ms": {
            "passes": 9862,
            "fails": 0,
            "thresholds": {
                "rate<0.20": true
            },
            "value": 1
        },
        "http_req_waiting": {
            "avg": 121.6213227227743,
            "min": 120.212142,
            "med": 120.7640015,
            "max": 602.145502,
            "p(90)": 120.99957380000001,
            "p(95)": 121.09581345,
            "p(99)": 121.34769424
        },
        "http_req_receiving": {
            "avg": 0.041063445244372325,
            "min": 0.006846,
            "med": 0.0344955,
            "max": 0.816905,
            "p(90)": 0.05899899999999998,
            "p(95)": 0.07698934999999983,
            "p(99)": 0.20002604999999907
        },
        "http_req_duration{expected_response:true}": {
            "max": 602.206097,
            "p(90)": 121.0531706,
            "p(95)": 121.15172684999999,
            "p(99)": 121.46793859,
            "avg": 121.67251991239033,
            "min": 120.235758,
            "med": 120.815344
        },
        "vus_max": {
            "value": 20,
            "min": 20,
            "max": 20
        },
        "checks": {
            "passes": 9862,
            "fails": 0,
            "value": 1
        }
    }
}