{
    "root_group": {
        "name": "",
        "path": "",
        "id": "d41d8cd98f00b204e9800998ecf8427e",
        "groups": {},
        "checks": {
                "status is 200": {
                    "name": "status is 200",
                    "path": "::status is 200",
                    "id": "6210a8cd14cd70477eba5c5e4cb3fb5f",
                    "passes": 9862,
                    "fails": 0
                }
            }
    },
    "metrics": {
        "http_req_blocked": {
            "avg": 0.0035229052930440064,
            "min": 0.000542,
            "med": 0.0024445,
            "max": 0.718412,
            "p(90)": 0.003877,
            "p(95)": 0.00439,
            "p(99)": 0.00982762999999999
        },
        "vus_max": {
            "value": 20,
            "min": 20,
            "max": 20
        },
        "iteration_duration": {
            "p(99)": 121.62087353,
            "avg": 121.82421861975264,
            "min": 120.30551,
            "med": 121.01392799999999,
            "max": 564.86924,
            "p(90)": 121.2701562,
            "p(95)": 121.36993505
        },
        "http_req_connecting": {
            "p(99)": 0,
            "avg": 0.0002888908943419184,
            "min": 0,
            "med": 0,
            "max": 0.252528,
            "p(90)": 0,
            "p(95)": 0
        },
        "checks": {
            "passes": 9862,
            "fails": 0,
            "value": 1
        },
        "http_req_duration{expected_response:true}": {
            "max": 564.519211,
            "p(90)": 121.1788636,
            "p(95)": 121.2614616,
            "p(99)": 121.48392722,
            "avg": 121.7324130861892,
            "min": 120.244194,
            "med": 120.92212749999999
        },
        "data_received": {
            "count": 8412286,
            "rate": 140024.2872088429
        },
        "iterations": {
            "count": 9862,
            "rate": 164.15508465280527
        },
        "vus": {
            "value": 20,
            "min": 20,
            "max": 20
        },
        "http_req_waiting": {
            "max": 564.40892,
            "p(90)": 121.12015799999999,
            "p(95)": 121.1964073,
            "p(99)": 121.37766178,
            "avg": 121.67788133928232,
            "min": 120.216931,
            "med": 120.869136
        },
        "http_req_failed": {
            "passes": 0,
            "fails": 9862,
            "thresholds": {
                "rate<0.01": false
            },
            "value": 0
        },
        "http_req_receiving": {
            "p(99)": 0.2831037599999981,
            "avg": 0.04397677357533974,
            "min": 0.007712,
            "med": 0.0327635,
            "max": 1.031169,
            "p(90)": 0.06475449999999999,
            "p(95)": 0.11402319999999928
        },
        "http_req_tls_handshaking": {
            "avg": 0,
            "min": 0,
            "med": 0,
            "max": 0,
            "p(90)": 0,
            "p(95)": 0,
            "p(99)": 0
        },
        "http_req_duration": {
            "min": 120.244194,
            "med": 120.92212749999999,
            "max": 564.519211,
            "p(90)": 121.1788636,
            "p(95)": 121.2614616,
            "p(99)": 121.48392722,
            "avg": 121.7324130861892,
            "thresholds": {
                "p(95)<200": false,
                "p(99)<500": false
            }
        },
        "violation_80ms": {
            "passes": 9862,
            "fails": 0,
            "thresholds": {
                "rate<0.10": true
            },
            "value": 1
        },
        "data_sent": {
            "count": 690340,
            "rate": 11490.855925696369
        },
        "violation_100ms": {
            "fails": 0,
            "passes": 9862,
            "thresholds": {
                "rate<0.05": true
            },
            "value": 1
        },
        "violation_60ms": {
            "passes": 9862,
            "fails": 0,
            "thresholds": {
                "rate<0.20": true
            },
            "value": 1
        },
        "http_reqs": {
            "count": 9862,
            "rate": 164.15508465280527
        },
        "http_req_sending": {
            "med": 0.007006,
            "max": 0.613027,
            "p(90)": 0.0122588,
            "p(95)": 0.01554369999999995,
            "p(99)": 0.09197845999999946,
            "avg": 0.010554973331981335,
            "min": 0.001676
        }
    }
}