{
    "metrics": {
        "http_reqs": {
            "count": 9863,
            "rate": 164.2590429286422
        },
        "http_req_duration": {
            "p(90)": 121.0383692,
            "p(95)": 121.1203404,
            "p(99)": 121.33675692,
            "avg": 121.65452147612241,
            "min": 120.266492,
            "med": 120.818606,
            "max": 603.315908,
            "thresholds": {
                "p(95)<200": false,
                "p(99)<500": false
            }
        },
        "http_req_sending": {
            "p(99)": 0.0825279999999984,
            "avg": 0.009960594545270221,
            "min": 0.001957,
            "med": 0.007259,
            "max": 0.51686,
            "p(90)": 0.011456400000000004,
            "p(95)": 0.013703799999999985
        },
        "http_req_receiving": {
            "avg": 0.042112986718036975,
            "min": 0.007183,
            "med": 0.034396,
            "max": 0.868272,
            "p(90)": 0.06071400000000002,
            "p(95)": 0.08171579999999994,
            "p(99)": 0.22351945999999875
        },
        "data_received": {
            "count": 8413139,
            "rate": 140112.9636181318
        },
        "vus_max": {
            "value": 20,
            "min": 20,
            "max": 20
        },
        "http_req_connecting": {
            "p(95)": 0,
            "p(99)": 0,
            "avg": 0.00041540819223360027,
            "min": 0,
            "med": 0,
            "max": 0.39311,
            "p(90)": 0
        },
        "vus": {
            "value": 20,
            "min": 20,
            "max": 20
        },
        "http_req_waiting": {
            "avg": 121.60244789485937,
            "min": 120.217943,
            "med": 120.766482,
            "max": 603.195642,
            "p(90)": 120.984595,
            "p(95)": 121.0616924,
            "p(99)": 121.24019718000001
        },
        "violation_60ms": {
            "passes": 9863,
            "fails": 0,
            "thresholds": {
                "rate<0.20": true
            },
            "value": 1
        },
        "http_req_tls_handshaking": {
            "p(95)": 0,
            "p(99)": 0,
            "avg": 0,
            "min": 0,
            "med": 0,
            "max": 0,
            "p(90)": 0
        },
        "http_req_duration{expected_response:true}": {
            "avg": 121.65452147612241,
            "min": 120.266492,
            "med": 120.818606,
            "max": 603.315908,
            "p(90)": 121.0383692,
            "p(95)": 121.1203404,
            "p(99)": 121.33675692
        },
        "iterations": {
            "count": 9863,
            "rate": 164.2590429286422
        },
        "violation_80ms": {
            "passes": 9863,
            "fails": 0,
            "thresholds": {
                "rate<0.10": true
            },
            "value": 1
        },
        "http_req_blocked": {
            "p(99)": 0.010653119999999941,
            "avg": 0.0034909316637939656,
            "min": 0.000623,
            "med": 0.002532,
            "max": 0.563649,
            "p(90)": 0.003715,
            "p(95)": 0.004275099999999997
        },
        "checks": {
            "passes": 9863,
            "fails": 0,
            "value": 1
        },
        "data_sent": {
            "rate": 11498.133005004953,
            "count": 690410
        },
        "iteration_duration": {
            "med": 120.916899,
            "max": 603.684992,
            "p(90)": 121.1359456,
            "p(95)": 121.2277948,
            "p(99)": 121.44639339999999,
            "avg": 121.74780362303576,
            "min": 120.337323
        },
        "violation_100ms": {
            "passes": 9863,
            "fails": 0,
            "thresholds": {
                "rate<0.05": true
            },
            "value": 1
        },
        "http_req_failed": {
            "passes": 0,
            "fails": 9863,
            "thresholds": {
                "rate<0.01": false
            },
            "value": 0
        }
    },
    "root_group": {
        "path": "",
        "id": "d41d8cd98f00b204e9800998ecf8427e",
        "groups": {},
        "checks": {
                "status is 200": {
                    "id": "6210a8cd14cd70477eba5c5e4cb3fb5f",
                    "passes": 9863,
                    "fails": 0,
                    "name": "status is 200",
                    "path": "::status is 200"
                }
            },
        "name": ""
    }
}