{
    "root_group": {
        "checks": {
            "status is 200": {
                "name": "status is 200",
                "path": "::status is 200",
                "id": "6210a8cd14cd70477eba5c5e4cb3fb5f",
                "passes": 9862,
                "fails": 0
            }
        },
        "name": "",
        "path": "",
        "id": "d41d8cd98f00b204e9800998ecf8427e",
        "groups": {}
    },
    "metrics": {
        "http_req_waiting": {
            "med": 120.717945,
            "max": 603.457641,
            "p(90)": 120.872957,
            "p(95)": 120.9291072,
            "p(99)": 121.11609224,
            "avg": 121.55878228341074,
            "min": 120.213319
        },
        "checks": {
            "fails": 0,
            "passes": 9862,
            "value": 1
        },
        "vus_max": {
            "value": 20,
            "min": 20,
            "max": 20
        },
        "violation_80ms": {
            "passes": 9862,
            "fails": 0,
            "thresholds": {
                "rate<0.10": true
            },
            "value": 1
        },
        "iteration_duration": {
            "med": 120.859983,
            "max": 604.070825,
            "p(90)": 121.0237275,
            "p(95)": 121.09801965,
            "p(99)": 121.37928224,
            "avg": 121.71770195548616,
            "min": 120.346682
        },
        "http_req_duration": {
            "p(99)": 121.23359332,
            "avg": 121.6252420091254,
            "min": 120.237024,
            "med": 120.76862399999999,
            "max": 603.555872,
            "p(90)": 120.9226987,
            "p(95)": 120.98630965,
            "thresholds": {
                "p(95)<200": false,
                "p(99)<500": false
            }
        },
        "http_req_failed": {
            "passes": 0,
            "fails": 9862,
            "thresholds": {
                "rate<0.01": false
            },
            "value": 0
        },
        "http_req_blocked": {
            "p(90)": 0.0035546999999999987,
            "p(95)": 0.003979799999999996,
            "p(99)": 0.01080339,
            "avg": 0.0032792145609409754,
            "min": 0.000625,
            "med": 0.002525,
            "max": 0.511501
        },
        "http_req_sending": {
            "p(90)": 0.0107038,
            "p(95)": 0.012542599999999992,
            "p(99)": 0.0736586999999998,
            "avg": 0.009397785337659679,
            "min": 0.001929,
            "med": 0.0073384999999999995,
            "max": 0.462604
        },
        "violation_100ms": {
            "passes": 9862,
            "fails": 0,
            "thresholds": {
                "rate<0.05": true
            },
            "value": 1
        },
        "http_req_tls_handshaking": {
            "max": 0,
            "p(90)": 0,
            "p(95)": 0,
            "p(99)": 0,
            "avg": 0,
            "min": 0,
            "med": 0
        },
        "data_sent": {
            "count": 690340,
            "rate": 11498.404292146633
        },
        "data_received": {
            "count": 8412286,
            "rate": 140116.26944572967
        },
        "http_req_duration{expected_response:true}": {
            "p(90)": 120.9226987,
            "p(95)": 120.98630965,
            "p(99)": 121.23359332,
            "avg": 121.6252420091254,
            "min": 120.237024,
            "med": 120.76862399999999,
            "max": 603.555872
        },
        "violation_60ms": {
            "passes": 9862,
            "fails": 0,
            "thresholds": {
                "rate<0.20": true
            },
            "value": 1
        },
        "http_req_connecting": {
            "avg": 0.00019893033867369705,
            "min": 0,
            "med": 0,
            "max": 0.228783,
            "p(90)": 0,
            "p(95)": 0,
            "p(99)": 0
        },
        "vus": {
            "min": 20,
            "max": 20,
            "value": 20
        },
        "http_reqs": {
            "count": 9862,
            "rate": 164.26291845923762
        },
        "iterations": {
            "count": 9862,
            "rate": 164.26291845923762
        },
        "http_req_receiving": {
            "p(90)": 0.0577071,
            "p(95)": 0.07039469999999994,
            "p(99)": 0.1836930799999999,
            "avg": 0.057061940377205266,
            "min": 0.007959,
            "med": 0.034991,
            "max": 79.938557
        }
    }
}