{
    "root_group": {
        "path": "",
        "id": "d41d8cd98f00b204e9800998ecf8427e",
        "groups": {},
        "checks": {
                "status is 200": {
                    "id": "6210a8cd14cd70477eba5c5e4cb3fb5f",
                    "passes": 9876,
                    "fails": 0,
                    "name": "status is 200",
                    "path": "::status is 200"
                }
            },
        "name": ""
    },
    "metrics": {
        "http_req_connecting": {
            "min": 0,
            "med": 0,
            "max": 0.49947,
            "p(90)": 0,
            "p(95)": 0,
            "p(99)": 0,
            "avg": 0.00033612960712839206
        },
        "http_req_tls_handshaking": {
            "avg": 0,
            "min": 0,
            "med": 0,
            "max": 0,
            "p(90)": 0,
            "p(95)": 0,
            "p(99)": 0
        },
        "iteration_duration": {
            "p(90)": 121.023885,
            "p(95)": 121.11825125,
            "p(99)": 121.40727000000001,
            "avg": 121.68947145494153,
            "min": 120.351958,
            "med": 120.83630550000001,
            "max": 604.300064
        },
        "violation_60ms": {
            "passes": 9876,
            "fails": 0,
            "thresholds": {
                "rate<0.20": true
            },
            "value": 1
        },
        "http_req_failed": {
            "passes": 0,
            "fails": 9876,
            "thresholds": {
                "rate<0.01": false
            },
            "value": 0
        },
        "http_req_duration{expected_response:true}": {
            "p(99)": 121.26390675,
            "avg": 121.59805180255226,
            "min": 120.305234,
            "med": 120.74846,
            "max": 604.059519,
            "p(90)": 120.92172550000001,
            "p(95)": 120.9964845
        },
        "data_received": {
            "count": 8424228,
            "rate": 140142.8361685069
        },
        "http_req_duration": {
            "min": 120.305234,
            "med": 120.74846,
            "max": 604.059519,
            "p(90)": 120.92172550000001,
            "p(95)": 120.9964845,
            "p(99)": 121.26390675,
            "avg": 121.59805180255226,
            "thresholds": {
                "p(95)<200": false,
                "p(99)<500": false
            }
        },
        "checks": {
            "passes": 9876,
            "fails": 0,
            "value": 1
        },
        "http_reqs": {
            "count": 9876,
            "rate": 164.2940635035251
        },
        "violation_80ms": {
            "passes": 9876,
            "fails": 0,
            "thresholds": {
                "rate<0.10": true
            },
            "value": 1
        },
        "iterations": {
            "count": 9876,
            "rate": 164.2940635035251
        },
        "vus": {
            "value": 20,
            "min": 20,
            "max": 20
        },
        "http_req_waiting": {
            "avg": 121.53073915532637,
            "min": 120.279845,
            "med": 120.69943749999999,
            "max": 603.690892,
            "p(90)": 120.86761999999999,
            "p(95)": 120.93543650000001,
            "p(99)": 121.18539525
        },
        "http_req_blocked": {
            "min": 0.000583,
            "med": 0.002508,
            "max": 0.634132,
            "p(90)": 0.0036155,
            "p(95)": 0.00411175,
            "p(99)": 0.00858325,
            "avg": 0.003285844876468193
        },
        "violation_100ms": {
            "passes": 9876,
            "fails": 0,
            "thresholds": {
                "rate<0.05": true
            },
            "value": 1
        },
        "data_sent": {
            "count": 691320,
            "rate": 11500.584445246757
        },
        "vus_max": {
            "value": 20,
            "min": 20,
            "max": 20
        },
        "http_req_sending": {
            "p(99)": 0.04717575,
            "avg": 0.009094444005670313,
            "min": 0.001913,
            "med": 0.007297,
            "max": 0.493981,
            "p(90)": 0.0107675,
            "p(95)": 0.012532
        },
        "http_req_receiving": {
            "avg": 0.0582182032199268,
            "min": 0.007315,
            "med": 0.034997,
            "max": 79.750773,
            "p(90)": 0.0607705,
            "p(95)": 0.07699450000000001,
            "p(99)": 0.21429825
        }
    }
}