{
    "metrics": {
        "violation_100ms": {
            "passes": 9876,
            "fails": 0,
            "thresholds": {
                "rate<0.05": true
            },
            "value": 1
        },
        "data_received": {
            "count": 8424228,
            "rate": 140177.32333460066
        },
        "http_req_failed": {
            "passes": 0,
            "fails": 9876,
            "thresholds": {
                "rate<0.01": false
            },
            "value": 0
        },
        "violation_60ms": {
            "passes": 9876,
            "fails": 0,
            "thresholds": {
                "rate<0.20": true
            },
            "value": 1
        },
        "data_sent": {
            "rate": 11503.414576110254,
            "count": 691320
        },
        "vus": {
            "min": 20,
            "max": 20,
            "value": 20
        },
        "http_reqs": {
            "count": 9876,
            "rate": 164.3344939444322
        },
        "http_req_waiting": {
            "p(99)": 121.1104425,
            "avg": 121.52150702774365,
            "min": 120.244102,
            "med": 120.649824,
            "max": 602.285855,
            "p(90)": 120.8117595,
            "p(95)": 120.89144175
        },
        "iterations": {
            "count": 9876,
            "rate": 164.3344939444322
        },
        "http_req_duration{expected_response:true}": {
            "avg": 121.56836415370553,
            "min": 120.277184,
            "med": 120.6959435,
            "max": 602.363108,
            "p(90)": 120.860546,
            "p(95)": 120.951182,
            "p(99)": 121.19806975
        },
        "http_req_tls_handshaking": {
            "avg": 0,
            "min": 0,
            "med": 0,
            "max": 0,
            "p(90)": 0,
            "p(95)": 0,
            "p(99)": 0
        },
        "http_req_sending": {
            "p(99)": 0.04207925,
            "avg": 0.008505173450789808,
            "min": 0.001929,
            "med": 0.006938,
            "max": 0.402166,
            "p(90)": 0.00987,
            "p(95)": 0.011543749999999998
        },
        "checks": {
            "passes": 9876,
            "fails": 0,
            "value": 1
        },
        "violation_80ms": {
            "passes": 9876,
            "fails": 0,
            "thresholds": {
                "rate<0.10": true
            },
            "value": 1
        },
        "http_req_connecting": {
            "avg": 0.00047727885783718115,
            "min": 0,
            "med": 0,
            "max": 0.637586,
            "p(90)": 0,
            "p(95)": 0,
            "p(99)": 0
        },
        "vus_max": {
            "value": 20,
            "min": 20,
            "max": 20
        },
        "http_req_receiving": {
            "avg": 0.03835195251113794,
            "min": 0.008026,
            "med": 0.0337215,
            "max": 0.528588,
            "p(90)": 0.0551145,
            "p(95)": 0.06619775,
            "p(99)": 0.14485024999999999
        },
        "http_req_blocked": {
            "min": 0.000589,
            "med": 0.002383,
            "max": 0.677552,
            "p(90)": 0.0032884999999999998,
            "p(95)": 0.00384725,
            "p(99)": 0.009469749999999999,
            "avg": 0.003378402592142567
        },
        "http_req_duration": {
            "max": 602.363108,
            "p(90)": 120.860546,
            "p(95)": 120.951182,
            "p(99)": 121.19806975,
            "avg": 121.56836415370553,
            "min": 120.277184,
            "med": 120.6959435,
            "thresholds": {
                "p(95)<200": false,
                "p(99)<500": false
            }
        },
        "iteration_duration": {
            "p(99)": 121.32295325,
            "avg": 121.65359403321168,
            "min": 120.322551,
            "med": 120.7786945,
            "max": 602.931475,
            "p(90)": 120.954195,
            "p(95)": 121.055352
        }
    },
    "root_group": {
        "groups": {},
        "checks": {
                "status is 200": {
                    "name": "status is 200",
                    "path": "::status is 200",
                    "id": "6210a8cd14cd70477eba5c5e4cb3fb5f",
                    "passes": 9876,
                    "fails": 0
                }
            },
        "name": "",
        "path": "",
        "id": "d41d8cd98f00b204e9800998ecf8427e"
    }
}