{
    "root_group": {
        "checks": {
            "status is 200": {
                "path": "::status is 200",
                "id": "6210a8cd14cd70477eba5c5e4cb3fb5f",
                "passes": 9862,
                "fails": 0,
                "name": "status is 200"
            }
        },
        "name": "",
        "path": "",
        "id": "d41d8cd98f00b204e9800998ecf8427e",
        "groups": {}
    },
    "metrics": {
        "http_req_waiting": {
            "avg": 121.58415881565585,
            "min": 120.292348,
            "med": 120.718032,
            "max": 603.715967,
            "p(90)": 120.8558383,
            "p(95)": 120.9029393,
            "p(99)": 121.05276341000001
        },
        "http_req_failed": {
            "passes": 0,
            "fails": 9862,
            "thresholds": {
                "rate<0.01": false
            },
            "value": 0
        },
        "vus_max": {
            "value": 20,
            "min": 20,
            "max": 20
        },
        "violation_80ms": {
            "passes": 9862,
            "fails": 0,
            "thresholds": {
                "rate<0.10": true
            },
            "value": 1
        },
        "http_req_duration": {
            "max": 603.766328,
            "p(90)": 120.9100293,
            "p(95)": 120.96342205,
            "p(99)": 121.12750102,
            "avg": 121.63528514763776,
            "min": 120.334568,
            "med": 120.76745650000001,
            "thresholds": {
                "p(99)<500": false,
                "p(95)<200": false
            }
        },
        "iteration_duration": {
            "p(90)": 121.0069214,
            "p(95)": 121.0706272,
            "p(99)": 121.28540407,
            "avg": 121.72653065321408,
            "min": 120.385195,
            "med": 120.856961,
            "max": 603.999834
        },
        "checks": {
            "passes": 9862,
            "fails": 0,
            "value": 1
        },
        "http_req_duration{expected_response:true}": {
            "avg": 121.63528514763776,
            "min": 120.334568,
            "med": 120.76745650000001,
            "max": 603.766328,
            "p(90)": 120.9100293,
            "p(95)": 120.96342205,
            "p(99)": 121.12750102
        },
        "iterations": {
            "count": 9862,
            "rate": 164.20941771943
        },
        "violation_100ms": {
            "passes": 9862,
            "fails": 0,
            "thresholds": {
                "rate<0.05": true
            },
            "value": 1
        },
        "http_req_sending": {
            "p(99)": 0.07741403999999968,
            "avg": 0.00964279466639631,
            "min": 0.002256,
            "med": 0.00745,
            "max": 0.450131,
            "p(90)": 0.0104608,
            "p(95)": 0.012307849999999997
        },
        "http_req_receiving": {
            "p(90)": 0.05768479999999998,
            "p(95)": 0.07169129999999993,
            "p(99)": 0.17880593999999997,
            "avg": 0.0414835373149463,
            "min": 0.01021,
            "med": 0.035353499999999996,
            "max": 0.811696
        },
        "http_req_blocked": {
            "avg": 0.003108030723991072,
            "min": 0.000759,
            "med": 0.002515,
            "max": 0.323723,
            "p(90)": 0.003452,
            "p(95)": 0.003913,
            "p(99)": 0.009147709999999948
        },
        "http_req_connecting": {
            "avg": 0.00014181606165078077,
            "min": 0,
            "med": 0,
            "max": 0.124186,
            "p(90)": 0,
            "p(95)": 0,
            "p(99)": 0
        },
        "http_req_tls_handshaking": {
            "med": 0,
            "max": 0,
            "p(90)": 0,
            "p(95)": 0,
            "p(99)": 0,
            "avg": 0,
            "min": 0
        },
        "http_reqs": {
            "count": 9862,
            "rate": 164.20941771943
        },
        "data_sent": {
            "count": 690340,
            "rate": 11494.6592403601
        },
        "data_received": {
            "count": 8412286,
            "rate": 140070.6333146738
        },
        "vus": {
            "value": 20,
            "min": 20,
            "max": 20
        },
        "violation_60ms": {
            "passes": 9862,
            "fails": 0,
            "thresholds": {
                "rate<0.20": true
            },
            "value": 1
        }
    }
}