{
    "root_group": {
        "name": "",
        "path": "",
        "id": "d41d8cd98f00b204e9800998ecf8427e",
        "groups": {},
        "checks": {
                "status is 200": {
                    "name": "status is 200",
                    "path": "::status is 200",
                    "id": "6210a8cd14cd70477eba5c5e4cb3fb5f",
                    "passes": 9878,
                    "fails": 0
                }
            }
    },
    "metrics": {
        "vus": {
            "value": 20,
            "min": 20,
            "max": 20
        },
        "http_req_failed": {
            "passes": 0,
            "fails": 9878,
            "thresholds": {
                "rate<0.01": false
            },
            "value": 0
        },
        "http_req_duration{expected_response:true}": {
            "med": 120.707889,
            "max": 603.110267,
            "p(90)": 120.9275147,
            "p(95)": 121.00279259999999,
            "p(99)": 121.18750518,
            "avg": 121.5744728908688,
            "min": 120.25535
        },
        "vus_max": {
            "value": 20,
            "min": 20,
            "max": 20
        },
        "violation_100ms": {
            "passes": 9878,
            "fails": 0,
            "thresholds": {
                "rate<0.05": true
            },
            "value": 1
        },
        "http_reqs": {
            "count": 9878,
            "rate": 164.32309270093435
        },
        "http_req_tls_handshaking": {
            "min": 0,
            "med": 0,
            "max": 0,
            "p(90)": 0,
            "p(95)": 0,
            "p(99)": 0,
            "avg": 0
        },
        "http_req_duration": {
            "min": 120.25535,
            "med": 120.707889,
            "max": 603.110267,
            "p(90)": 120.9275147,
            "p(95)": 121.00279259999999,
            "p(99)": 121.18750518,
            "avg": 121.5744728908688,
            "thresholds": {
                "p(95)<200": false,
                "p(99)<500": false
            }
        },
        "http_req_blocked": {
            "avg": 0.003059588783154493,
            "min": 0.000556,
            "med": 0.002408,
            "max": 0.308726,
            "p(90)": 0.0034489000000000034,
            "p(95)": 0.00396615,
            "p(99)": 0.007767
        },
        "checks": {
            "passes": 9878,
            "fails": 0,
            "value": 1
        },
        "http_req_receiving": {
            "p(99)": 0.14666238,
            "avg": 0.04663998410609414,
            "min": 0.008197,
            "med": 0.0338945,
            "max": 39.866857,
            "p(90)": 0.05573330000000001,
            "p(95)": 0.06882589999999998
        },
        "iteration_duration": {
            "min": 120.314906,
            "med": 120.79369449999999,
            "max": 603.452982,
            "p(90)": 121.0253164,
            "p(95)": 121.09924145,
            "p(99)": 121.30152558,
            "avg": 121.66006388793306
        },
        "http_req_sending": {
            "p(90)": 0.010471600000000001,
            "p(95)": 0.011943099999999995,
            "p(99)": 0.03782045999999956,
            "avg": 0.008714317169467528,
            "min": 0.0017,
            "med": 0.007098,
            "max": 0.493752
        },
        "data_sent": {
            "rate": 11502.616489065405,
            "count": 691460
        },
        "data_received": {
            "count": 8425934,
            "rate": 140167.598073897
        },
        "violation_80ms": {
            "passes": 9878,
            "fails": 0,
            "thresholds": {
                "rate<0.10": true
            },
            "value": 1
        },
        "http_req_waiting": {
            "avg": 121.51911858959335,
            "min": 120.227307,
            "med": 120.65982550000001,
            "max": 603.031267,
            "p(90)": 120.875387,
            "p(95)": 120.9552429,
            "p(99)": 121.11098922000001
        },
        "http_req_connecting": {
            "p(99)": 0,
            "avg": 0.0002531230006074104,
            "min": 0,
            "med": 0,
            "max": 0.272067,
            "p(90)": 0,
            "p(95)": 0
        },
        "violation_60ms": {
            "passes": 9878,
            "fails": 0,
            "thresholds": {
                "rate<0.20": true
            },
            "value": 1
        },
        "iterations": {
            "count": 9878,
            "rate": 164.32309270093435
        }
    }
}