{
    "root_group": {
        "path": "",
        "id": "d41d8cd98f00b204e9800998ecf8427e",
        "groups": {},
        "checks": {
                "status is 200": {
                    "passes": 9862,
                    "fails": 0,
                    "name": "status is 200",
                    "path": "::status is 200",
                    "id": "6210a8cd14cd70477eba5c5e4cb3fb5f"
                }
            },
        "name": ""
    },
    "metrics": {
        "http_req_duration{expected_response:true}": {
            "max": 562.776799,
            "p(90)": 121.13889019999999,
            "p(95)": 121.21581525,
            "p(99)": 121.47973096,
            "avg": 121.69861551957038,
            "min": 120.221901,
            "med": 120.86766
        },
        "http_req_receiving": {
            "avg": 0.04191218272155763,
            "min": 0.007959,
            "med": 0.0331775,
            "max": 0.698081,
            "p(90)": 0.061156899999999986,
            "p(95)": 0.09100509999999962,
            "p(99)": 0.23731649999999951
        },
        "iteration_duration": {
            "max": 563.242664,
            "p(90)": 121.2363835,
            "p(95)": 121.3229513,
            "p(99)": 121.62823127,
            "avg": 121.79210114723165,
            "min": 120.25348,
            "med": 120.9614425
        },
        "vus_max": {
            "min": 20,
            "max": 20,
            "value": 20
        },
        "http_req_failed": {
            "passes": 0,
            "fails": 9862,
            "thresholds": {
                "rate<0.01": false
            },
            "value": 0
        },
        "violation_100ms": {
            "passes": 9862,
            "fails": 0,
            "thresholds": {
                "rate<0.05": true
            },
            "value": 1
        },
        "http_req_sending": {
            "p(90)": 0.0117539,
            "p(95)": 0.016071849999999974,
            "p(99)": 0.0816226699999998,
            "avg": 0.0098895773676739,
            "min": 0.001956,
            "med": 0.0070255000000000005,
            "max": 0.420089
        },
        "data_received": {
            "rate": 140060.85883092537,
            "count": 8412286
        },
        "http_req_duration": {
            "p(99)": 121.47973096,
            "avg": 121.69861551957038,
            "min": 120.221901,
            "med": 120.86766,
            "max": 562.776799,
            "p(90)": 121.13889019999999,
            "p(95)": 121.21581525,
            "thresholds": {
                "p(95)<200": false,
                "p(99)<500": false
            }
        },
        "http_req_connecting": {
            "avg": 0.000533967146623403,
            "min": 0,
            "med": 0,
            "max": 0.462154,
            "p(90)": 0,
            "p(95)": 0,
            "p(99)": 0
        },
        "vus": {
            "min": 20,
            "max": 20,
            "value": 20
        },
        "http_reqs": {
            "count": 9862,
            "rate": 164.19795877013524
        },
        "http_req_waiting": {
            "med": 120.81555,
            "max": 562.570923,
            "p(90)": 121.0863954,
            "p(95)": 121.16108709999999,
            "p(99)": 121.34601219999999,
            "avg": 121.64681375948102,
            "min": 120.205093
        },
        "iterations": {
            "count": 9862,
            "rate": 164.19795877013524
        },
        "checks": {
            "passes": 9862,
            "fails": 0,
            "value": 1
        },
        "violation_60ms": {
            "passes": 9862,
            "fails": 0,
            "thresholds": {
                "rate<0.20": true
            },
            "value": 1
        },
        "violation_80ms": {
            "passes": 9862,
            "fails": 0,
            "thresholds": {
                "rate<0.10": true
            },
            "value": 1
        },
        "data_sent": {
            "count": 690340,
            "rate": 11493.857113909467
        },
        "http_req_blocked": {
            "avg": 0.0034932398093693033,
            "min": 0.000586,
            "med": 0.002449,
            "max": 0.625463,
            "p(90)": 0.003787,
            "p(95)": 0.004268949999999999,
            "p(99)": 0.00908981999999992
        },
        "http_req_tls_handshaking": {
            "max": 0,
            "p(90)": 0,
            "p(95)": 0,
            "p(99)": 0,
            "avg": 0,
            "min": 0,
            "med": 0
        }
    }
}