{
    "root_group": {
        "name": "",
        "path": "",
        "id": "d41d8cd98f00b204e9800998ecf8427e",
        "groups": {},
        "checks": {
                "status is 200": {
                    "name": "status is 200",
                    "path": "::status is 200",
                    "id": "6210a8cd14cd70477eba5c5e4cb3fb5f",
                    "passes": 9863,
                    "fails": 0
                }
            }
    },
    "metrics": {
        "data_received": {
            "count": 8413139,
            "rate": 140139.02465147586
        },
        "violation_100ms": {
            "passes": 9863,
            "fails": 0,
            "thresholds": {
                "rate<0.05": true
            },
            "value": 1
        },
        "http_req_receiving": {
            "avg": 0.04504260326472663,
            "min": 0.008432,
            "med": 0.034884,
            "max": 39.096537,
            "p(90)": 0.05840980000000001,
            "p(95)": 0.07214169999999998,
            "p(99)": 0.18185632
        },
        "http_req_blocked": {
            "min": 0.000608,
            "med": 0.00251,
            "max": 0.575671,
            "p(90)": 0.0035858000000000014,
            "p(95)": 0.004079,
            "p(99)": 0.009865719999999925,
            "avg": 0.003499724019061134
        },
        "iteration_duration": {
            "p(90)": 121.0219154,
            "p(95)": 121.07905509999999,
            "p(99)": 121.32126878,
            "avg": 121.69993096147229,
            "min": 120.314256,
            "med": 120.850121,
            "max": 603.658269
        },
        "data_sent": {
            "count": 690410,
            "rate": 11500.271659558395
        },
        "violation_60ms": {
            "fails": 0,
            "passes": 9863,
            "thresholds": {
                "rate<0.20": true
            },
            "value": 1
        },
        "vus_max": {
            "value": 20,
            "min": 20,
            "max": 20
        },
        "http_req_duration": {
            "p(99)": 121.18695452,
            "avg": 121.60946019436318,
            "min": 120.259626,
            "med": 120.760576,
            "max": 603.436882,
            "p(90)": 120.92732579999999,
            "p(95)": 120.97964040000001,
            "thresholds": {
                "p(99)<500": false,
                "p(95)<200": false
            }
        },
        "http_req_failed": {
            "passes": 0,
            "fails": 9863,
            "thresholds": {
                "rate<0.01": false
            },
            "value": 0
        },
        "violation_80ms": {
            "passes": 9863,
            "fails": 0,
            "thresholds": {
                "rate<0.10": true
            },
            "value": 1
        },
        "http_req_waiting": {
            "avg": 121.55527675920155,
            "min": 120.238106,
            "med": 120.709781,
            "max": 603.288176,
            "p(90)": 120.8726906,
            "p(95)": 120.9239731,
            "p(99)": 121.10105082
        },
        "checks": {
            "passes": 9863,
            "fails": 0,
            "value": 1
        },
        "vus": {
            "value": 20,
            "min": 20,
            "max": 20
        },
        "http_req_tls_handshaking": {
            "max": 0,
            "p(90)": 0,
            "p(95)": 0,
            "p(99)": 0,
            "avg": 0,
            "min": 0,
            "med": 0
        },
        "http_reqs": {
            "count": 9863,
            "rate": 164.28959513654848
        },
        "http_req_duration{expected_response:true}": {
            "p(95)": 120.97964040000001,
            "p(99)": 121.18695452,
            "avg": 121.60946019436318,
            "min": 120.259626,
            "med": 120.760576,
            "max": 603.436882,
            "p(90)": 120.92732579999999
        },
        "http_req_connecting": {
            "avg": 0.0003848607928622123,
            "min": 0,
            "med": 0,
            "max": 0.355676,
            "p(90)": 0,
            "p(95)": 0,
            "p(99)": 0
        },
        "iterations": {
            "rate": 164.28959513654848,
            "count": 9863
        },
        "http_req_sending": {
            "max": 0.390268,
            "p(90)": 0.010890800000000008,
            "p(95)": 0.012522,
            "p(99)": 0.055518839999999785,
            "avg": 0.009140831896988732,
            "min": 0.001773,
            "med": 0.00733
        }
    }
}