{
    "root_group": {
        "name": "",
        "path": "",
        "id": "d41d8cd98f00b204e9800998ecf8427e",
        "groups": {},
        "checks": {
                "status is 200": {
                    "passes": 9873,
                    "fails": 0,
                    "name": "status is 200",
                    "path": "::status is 200",
                    "id": "6210a8cd14cd70477eba5c5e4cb3fb5f"
                }
            }
    },
    "metrics": {
        "http_req_receiving": {
            "p(90)": 0.059613,
            "p(95)": 0.07314259999999997,
            "p(99)": 0.16992892000000026,
            "avg": 0.039374882912995006,
            "min": 0.007702,
            "med": 0.03375,
            "max": 0.430865
        },
        "http_req_failed": {
            "passes": 0,
            "fails": 9873,
            "thresholds": {
                "rate<0.01": false
            },
            "value": 0
        },
        "http_req_connecting": {
            "min": 0,
            "med": 0,
            "max": 0.310121,
            "p(90)": 0,
            "p(95)": 0,
            "p(99)": 0,
            "avg": 0.00027149802491643877
        },
        "vus_max": {
            "value": 20,
            "min": 20,
            "max": 20
        },
        "violation_60ms": {
            "passes": 9873,
            "fails": 0,
            "thresholds": {
                "rate<0.20": true
            },
            "value": 1
        },
        "http_req_duration{expected_response:true}": {
            "med": 120.755609,
            "max": 603.996335,
            "p(90)": 120.9851252,
            "p(95)": 121.106155,
            "p(99)": 121.43063740000001,
            "avg": 121.63518276805422,
            "min": 120.214147
        },
        "http_req_tls_handshaking": {
            "min": 0,
            "med": 0,
            "max": 0,
            "p(90)": 0,
            "p(95)": 0,
            "p(99)": 0,
            "avg": 0
        },
        "http_req_sending": {
            "min": 0.002037,
            "med": 0.007173,
            "max": 0.434044,
            "p(90)": 0.0103598,
            "p(95)": 0.012200999999999998,
            "p(99)": 0.04906988000000113,
            "avg": 0.008692142307302751
        },
        "http_req_duration": {
            "max": 603.996335,
            "p(90)": 120.9851252,
            "p(95)": 121.106155,
            "p(99)": 121.43063740000001,
            "avg": 121.63518276805422,
            "min": 120.214147,
            "med": 120.755609,
            "thresholds": {
                "p(95)<200": false,
                "p(99)<500": false
            }
        },
        "checks": {
            "fails": 0,
            "passes": 9873,
            "value": 1
        },
        "data_sent": {
            "count": 691110,
            "rate": 11500.594013102555
        },
        "vus": {
            "value": 20,
            "min": 20,
            "max": 20
        },
        "violation_80ms": {
            "passes": 9873,
            "fails": 0,
            "thresholds": {
                "rate<0.10": true
            },
            "value": 1
        },
        "data_received": {
            "count": 8421669,
            "rate": 140142.95275966398
        },
        "violation_100ms": {
            "passes": 9873,
            "fails": 0,
            "thresholds": {
                "rate<0.05": true
            },
            "value": 1
        },
        "http_reqs": {
            "count": 9873,
            "rate": 164.29420018717934
        },
        "iterations": {
            "count": 9873,
            "rate": 164.29420018717934
        },
        "http_req_blocked": {
            "avg": 0.003170619771092892,
            "min": 0.000667,
            "med": 0.002433,
            "max": 0.42797,
            "p(90)": 0.003493,
            "p(95)": 0.003888,
            "p(99)": 0.007477520000000039
        },
        "http_req_waiting": {
            "p(90)": 120.929777,
            "p(95)": 121.0560944,
            "p(99)": 121.34740888,
            "avg": 121.58711574283365,
            "min": 120.189215,
            "med": 120.706319,
            "max": 603.839058
        },
        "iteration_duration": {
            "avg": 121.72215042823854,
            "min": 120.287614,
            "med": 120.843875,
            "max": 604.256518,
            "p(90)": 121.087522,
            "p(95)": 121.1985622,
            "p(99)": 121.57848884
        }
    }
}