{
    "root_group": {
        "id": "d41d8cd98f00b204e9800998ecf8427e",
        "groups": {},
        "checks": {
                "status is 200": {
                    "fails": 0,
                    "name": "status is 200",
                    "path": "::status is 200",
                    "id": "6210a8cd14cd70477eba5c5e4cb3fb5f",
                    "passes": 9876
                }
            },
        "name": "",
        "path": ""
    },
    "metrics": {
        "http_req_connecting": {
            "p(95)": 0,
            "p(99)": 0,
            "avg": 0.0001618253341433779,
            "min": 0,
            "med": 0,
            "max": 0.178577,
            "p(90)": 0
        },
        "http_req_sending": {
            "max": 0.256027,
            "p(90)": 0.009578,
            "p(95)": 0.0114505,
            "p(99)": 0.02281925,
            "avg": 0.007825602369380312,
            "min": 0.002124,
            "med": 0.006851
        },
        "violation_100ms": {
            "passes": 9876,
            "fails": 0,
            "thresholds": {
                "rate<0.05": true
            },
            "value": 1
        },
        "iteration_duration": {
            "max": 603.259323,
            "p(90)": 120.8889225,
            "p(95)": 120.935789,
            "p(99)": 121.1415725,
            "avg": 121.63226373663464,
            "min": 120.354155,
            "med": 120.76218549999999
        },
        "http_req_duration": {
            "min": 120.313737,
            "med": 120.6806335,
            "max": 602.882947,
            "p(90)": 120.794844,
            "p(95)": 120.838655,
            "p(99)": 120.98973175,
            "avg": 121.54827383100502,
            "thresholds": {
                "p(95)<200": false,
                "p(99)<500": false
            }
        },
        "vus_max": {
            "value": 20,
            "min": 20,
            "max": 20
        },
        "violation_80ms": {
            "fails": 0,
            "passes": 9876,
            "thresholds": {
                "rate<0.10": true
            },
            "value": 1
        },
        "http_req_blocked": {
            "p(99)": 0.00642375,
            "avg": 0.0028067163831510776,
            "min": 0.000753,
            "med": 0.002314,
            "max": 0.248142,
            "p(90)": 0.0031135,
            "p(95)": 0.003619
        },
        "data_received": {
            "count": 8424228,
            "rate": 140157.3967464973
        },
        "violation_60ms": {
            "passes": 9876,
            "fails": 0,
            "thresholds": {
                "rate<0.20": true
            },
            "value": 1
        },
        "checks": {
            "fails": 0,
            "passes": 9876,
            "value": 1
        },
        "http_req_waiting": {
            "max": 602.786302,
            "p(90)": 120.74613149999999,
            "p(95)": 120.7899335,
            "p(99)": 120.91019499999999,
            "avg": 121.49016451184698,
            "min": 120.288223,
            "med": 120.6354025
        },
        "http_req_failed": {
            "passes": 0,
            "fails": 9876,
            "thresholds": {
                "rate<0.01": false
            },
            "value": 0
        },
        "http_req_duration{expected_response:true}": {
            "avg": 121.54827383100502,
            "min": 120.313737,
            "med": 120.6806335,
            "max": 602.882947,
            "p(90)": 120.794844,
            "p(95)": 120.838655,
            "p(99)": 120.98973175
        },
        "data_sent": {
            "count": 691320,
            "rate": 11501.779334413613
        },
        "iterations": {
            "count": 9876,
            "rate": 164.3111333487659
        },
        "http_reqs": {
            "count": 9876,
            "rate": 164.3111333487659
        },
        "http_req_tls_handshaking": {
            "p(90)": 0,
            "p(95)": 0,
            "p(99)": 0,
            "avg": 0,
            "min": 0,
            "med": 0,
            "max": 0
        },
        "vus": {
            "value": 20,
            "min": 20,
            "max": 20
        },
        "http_req_receiving": {
            "avg": 0.050283716788173574,
            "min": 0.009453,
            "med": 0.0337865,
            "max": 39.958035,
            "p(90)": 0.0550965,
            "p(95)": 0.06572,
            "p(99)": 0.13049125
        }
    }
}