{
    "metrics": {
        "vus": {
            "value": 20,
            "min": 20,
            "max": 20
        },
        "violation_80ms": {
            "passes": 9863,
            "fails": 0,
            "thresholds": {
                "rate<0.10": true
            },
            "value": 1
        },
        "http_req_sending": {
            "avg": 0.009659692791240017,
            "min": 0.001545,
            "med": 0.007058,
            "max": 0.408968,
            "p(90)": 0.012042000000000006,
            "p(95)": 0.014554899999999992,
            "p(99)": 0.07340197999999991
        },
        "data_received": {
            "rate": 140010.13847736534,
            "count": 8413139
        },
        "http_req_duration{expected_response:true}": {
            "med": 120.954009,
            "max": 524.30831,
            "p(90)": 121.166713,
            "p(95)": 121.23427099999999,
            "p(99)": 121.51006864,
            "avg": 121.74311093328684,
            "min": 120.269842
        },
        "violation_100ms": {
            "passes": 9863,
            "fails": 0,
            "thresholds": {
                "rate<0.05": true
            },
            "value": 1
        },
        "data_sent": {
            "count": 690410,
            "rate": 11489.694834015912
        },
        "http_req_failed": {
            "passes": 0,
            "fails": 9863,
            "thresholds": {
                "rate<0.01": false
            },
            "value": 0
        },
        "iteration_duration": {
            "avg": 121.83635450795946,
            "min": 120.360903,
            "med": 121.043858,
            "max": 524.772117,
            "p(90)": 121.263919,
            "p(95)": 121.3407617,
            "p(99)": 121.62918349999998
        },
        "http_reqs": {
            "count": 9863,
            "rate": 164.13849762879875
        },
        "http_req_receiving": {
            "p(95)": 0.11088969999999998,
            "p(99)": 0.25411372,
            "avg": 0.043011437088107146,
            "min": 0.007015,
            "med": 0.032901,
            "max": 0.759238,
            "p(90)": 0.0647828
        },
        "vus_max": {
            "value": 20,
            "min": 20,
            "max": 20
        },
        "http_req_tls_handshaking": {
            "max": 0,
            "p(90)": 0,
            "p(95)": 0,
            "p(99)": 0,
            "avg": 0,
            "min": 0,
            "med": 0
        },
        "iterations": {
            "count": 9863,
            "rate": 164.13849762879875
        },
        "violation_60ms": {
            "passes": 9863,
            "fails": 0,
            "thresholds": {
                "rate<0.20": true
            },
            "value": 1
        },
        "http_req_blocked": {
            "min": 0.000584,
            "med": 0.002471,
            "max": 0.595326,
            "p(90)": 0.003871,
            "p(95)": 0.004309,
            "p(99)": 0.01041617999999991,
            "avg": 0.0035019888472067285
        },
        "http_req_waiting": {
            "p(95)": 121.1792579,
            "p(99)": 121.40283308,
            "avg": 121.69043980340633,
            "min": 120.253634,
            "med": 120.904005,
            "max": 524.123059,
            "p(90)": 121.1178104
        },
        "http_req_duration": {
            "avg": 121.74311093328684,
            "min": 120.269842,
            "med": 120.954009,
            "max": 524.30831,
            "p(90)": 121.166713,
            "p(95)": 121.23427099999999,
            "p(99)": 121.51006864,
            "thresholds": {
                "p(95)<200": false,
                "p(99)<500": false
            }
        },
        "checks": {
            "passes": 9863,
            "fails": 0,
            "value": 1
        },
        "http_req_connecting": {
            "min": 0,
            "med": 0,
            "max": 0.517225,
            "p(90)": 0,
            "p(95)": 0,
            "p(99)": 0,
            "avg": 0.000316758491331238
        }
    },
    "root_group": {
        "name": "",
        "path": "",
        "id": "d41d8cd98f00b204e9800998ecf8427e",
        "groups": {},
        "checks": {
                "status is 200": {
                    "id": "6210a8cd14cd70477eba5c5e4cb3fb5f",
                    "passes": 9863,
                    "fails": 0,
                    "name": "status is 200",
                    "path": "::status is 200"
                }
            }
    }
}