{
    "metrics": {
        "http_req_duration": {
            "p(90)": 120.922697,
            "p(95)": 120.989049,
            "p(99)": 121.1586247,
            "avg": 121.60219349194622,
            "min": 120.288521,
            "med": 120.750523,
            "max": 562.683873,
            "thresholds": {
                "p(95)<200": false,
                "p(99)<500": false
            }
        },
        "violation_80ms": {
            "passes": 9871,
            "fails": 0,
            "thresholds": {
                "rate<0.10": true
            },
            "value": 1
        },
        "http_reqs": {
            "rate": 164.21413499313783,
            "count": 9871
        },
        "http_req_sending": {
            "p(99)": 0.03407179999999995,
            "avg": 0.008866337047918168,
            "min": 0.001834,
            "med": 0.007458,
            "max": 0.402153,
            "p(90)": 0.010992,
            "p(95)": 0.0134585
        },
        "vus": {
            "min": 20,
            "max": 20,
            "value": 20
        },
        "data_received": {
            "count": 8419963,
            "rate": 140074.65714914657
        },
        "iterations": {
            "rate": 164.21413499313783,
            "count": 9871
        },
        "violation_100ms": {
            "passes": 9871,
            "fails": 0,
            "thresholds": {
                "rate<0.05": true
            },
            "value": 1
        },
        "http_req_connecting": {
            "med": 0,
            "max": 0.284447,
            "p(90)": 0,
            "p(95)": 0,
            "p(99)": 0,
            "avg": 0.0003570692938911965,
            "min": 0
        },
        "http_req_blocked": {
            "med": 0.002506,
            "max": 0.381847,
            "p(90)": 0.003579,
            "p(95)": 0.004116,
            "p(99)": 0.00934929999999997,
            "avg": 0.0032938865363185145,
            "min": 0.000656
        },
        "checks": {
            "passes": 9871,
            "fails": 0,
            "value": 1
        },
        "violation_60ms": {
            "fails": 0,
            "passes": 9871,
            "thresholds": {
                "rate<0.20": true
            },
            "value": 1
        },
        "http_req_waiting": {
            "p(90)": 120.87073,
            "p(95)": 120.933154,
            "p(99)": 121.0740299,
            "avg": 121.55161247674945,
            "min": 120.255966,
            "med": 120.70159,
            "max": 562.597515
        },
        "http_req_receiving": {
            "p(95)": 0.07625199999999999,
            "p(99)": 0.19002599999999792,
            "avg": 0.04171467814811075,
            "min": 0.007907,
            "med": 0.035205,
            "max": 0.820776,
            "p(90)": 0.060534
        },
        "http_req_tls_handshaking": {
            "p(95)": 0,
            "p(99)": 0,
            "avg": 0,
            "min": 0,
            "med": 0,
            "max": 0,
            "p(90)": 0
        },
        "data_sent": {
            "count": 690970,
            "rate": 11494.98944951965
        },
        "http_req_failed": {
            "passes": 0,
            "fails": 9871,
            "thresholds": {
                "rate<0.01": false
            },
            "value": 0
        },
        "iteration_duration": {
            "p(90)": 121.022998,
            "p(95)": 121.090735,
            "p(99)": 121.3147061,
            "avg": 121.6926062786952,
            "min": 120.343513,
            "med": 120.840401,
            "max": 563.021334
        },
        "http_req_duration{expected_response:true}": {
            "avg": 121.60219349194622,
            "min": 120.288521,
            "med": 120.750523,
            "max": 562.683873,
            "p(90)": 120.922697,
            "p(95)": 120.989049,
            "p(99)": 121.1586247
        },
        "vus_max": {
            "min": 20,
            "max": 20,
            "value": 20
        }
    },
    "root_group": {
        "path": "",
        "id": "d41d8cd98f00b204e9800998ecf8427e",
        "groups": {},
        "checks": {
                "status is 200": {
                    "name": "status is 200",
                    "path": "::status is 200",
                    "id": "6210a8cd14cd70477eba5c5e4cb3fb5f",
                    "passes": 9871,
                    "fails": 0
                }
            },
        "name": ""
    }
}