{
    "root_group": {
        "name": "",
        "path": "",
        "id": "d41d8cd98f00b204e9800998ecf8427e",
        "groups": {},
        "checks": {
                "status is 200": {
                    "name": "status is 200",
                    "path": "::status is 200",
                    "id": "6210a8cd14cd70477eba5c5e4cb3fb5f",
                    "passes": 9862,
                    "fails": 0
                }
            }
    },
    "metrics": {
        "iterations": {
            "count": 9862,
            "rate": 164.179138018157
        },
        "http_req_failed": {
            "passes": 0,
            "fails": 9862,
            "thresholds": {
                "rate<0.01": false
            },
            "value": 0
        },
        "checks": {
            "passes": 9862,
            "fails": 0,
            "value": 1
        },
        "http_reqs": {
            "count": 9862,
            "rate": 164.179138018157
        },
        "http_req_duration{expected_response:true}": {
            "p(90)": 121.13784340000001,
            "p(95)": 121.20773025,
            "p(99)": 121.45645788,
            "avg": 121.71293903275198,
            "min": 120.277664,
            "med": 120.8839885,
            "max": 602.920628
        },
        "http_req_sending": {
            "med": 0.007185,
            "max": 0.64899,
            "p(90)": 0.011951899999999996,
            "p(95)": 0.015100599999999905,
            "p(99)": 0.09767618999999947,
            "avg": 0.010824401946866758,
            "min": 0.001755
        },
        "vus": {
            "value": 20,
            "min": 20,
            "max": 20
        },
        "violation_100ms": {
            "passes": 9862,
            "fails": 0,
            "thresholds": {
                "rate<0.05": true
            },
            "value": 1
        },
        "iteration_duration": {
            "p(95)": 121.3157582,
            "p(99)": 121.5939235,
            "avg": 121.80638333086561,
            "min": 120.324047,
            "med": 120.9785235,
            "max": 603.195743,
            "p(90)": 121.2357251
        },
        "http_req_receiving": {
            "max": 0.887728,
            "p(90)": 0.06094149999999999,
            "p(95)": 0.08994384999999983,
            "p(99)": 0.24394343999999912,
            "avg": 0.042332925268708105,
            "min": 0.006426,
            "med": 0.033556
        },
        "data_sent": {
            "count": 690340,
            "rate": 11492.53966127099
        },
        "http_req_connecting": {
            "avg": 0.00048697191239099576,
            "min": 0,
            "med": 0,
            "max": 0.676584,
            "p(90)": 0,
            "p(95)": 0,
            "p(99)": 0
        },
        "violation_60ms": {
            "fails": 0,
            "passes": 9862,
            "thresholds": {
                "rate<0.20": true
            },
            "value": 1
        },
        "http_req_tls_handshaking": {
            "p(90)": 0,
            "p(95)": 0,
            "p(99)": 0,
            "avg": 0,
            "min": 0,
            "med": 0,
            "max": 0
        },
        "http_req_waiting": {
            "avg": 121.65978170553595,
            "min": 120.253642,
            "med": 120.8324245,
            "max": 602.40398,
            "p(90)": 121.08438579999999,
            "p(95)": 121.15040024999999,
            "p(99)": 121.31563665
        },
        "http_req_duration": {
            "p(95)": 121.20773025,
            "p(99)": 121.45645788,
            "avg": 121.71293903275198,
            "min": 120.277664,
            "med": 120.8839885,
            "max": 602.920628,
            "p(90)": 121.13784340000001,
            "thresholds": {
                "p(95)<200": false,
                "p(99)<500": false
            }
        },
        "http_req_blocked": {
            "med": 0.002477,
            "max": 0.731176,
            "p(90)": 0.003842,
            "p(95)": 0.004350899999999998,
            "p(99)": 0.010652139999999985,
            "avg": 0.0037835639829649228,
            "min": 0.000527
        },
        "violation_80ms": {
            "passes": 9862,
            "fails": 0,
            "thresholds": {
                "rate<0.10": true
            },
            "value": 1
        },
        "data_received": {
            "rate": 140044.80472948792,
            "count": 8412286
        },
        "vus_max": {
            "max": 20,
            "value": 20,
            "min": 20
        }
    }
}