{
    "metrics": {
        "http_req_duration{expected_response:true}": {
            "p(95)": 121.23714885,
            "p(99)": 121.41841065,
            "avg": 121.796611883124,
            "min": 120.220693,
            "med": 120.8794935,
            "max": 604.118149,
            "p(90)": 121.1523237
        },
        "http_req_waiting": {
            "med": 120.8256845,
            "max": 604.060486,
            "p(90)": 121.09323499999999,
            "p(95)": 121.17849425,
            "p(99)": 121.34283721,
            "avg": 121.74019474502438,
            "min": 120.205458
        },
        "data_sent": {
            "count": 689360,
            "rate": 11484.942481521857
        },
        "http_reqs": {
            "count": 9848,
            "rate": 164.07060687888367
        },
        "http_req_connecting": {
            "avg": 0.0001971519090170593,
            "min": 0,
            "med": 0,
            "max": 0.213363,
            "p(90)": 0,
            "p(95)": 0,
            "p(99)": 0
        },
        "http_req_sending": {
            "p(90)": 0.011727800000000007,
            "p(95)": 0.013640249999999998,
            "p(99)": 0.06936825000000099,
            "avg": 0.00975600568643383,
            "min": 0.001911,
            "med": 0.0070799999999999995,
            "max": 1.482416
        },
        "http_req_blocked": {
            "med": 0.0024675,
            "max": 1.595442,
            "p(90)": 0.003855300000000001,
            "p(95)": 0.004297649999999999,
            "p(99)": 0.009693610000000089,
            "avg": 0.0032388254467912276,
            "min": 0.000631
        },
        "vus_max": {
            "min": 20,
            "max": 20,
            "value": 20
        },
        "http_req_tls_handshaking": {
            "p(99)": 0,
            "avg": 0,
            "min": 0,
            "med": 0,
            "max": 0,
            "p(90)": 0,
            "p(95)": 0
        },
        "vus": {
            "value": 20,
            "min": 20,
            "max": 20
        },
        "violation_100ms": {
            "passes": 9848,
            "fails": 0,
            "thresholds": {
                "rate<0.05": true
            },
            "value": 1
        },
        "iterations": {
            "count": 9848,
            "rate": 164.07060687888367
        },
        "checks": {
            "passes": 9848,
            "fails": 0,
            "value": 1
        },
        "violation_80ms": {
            "passes": 9848,
            "fails": 0,
            "thresholds": {
                "rate<0.10": true
            },
            "value": 1
        },
        "data_received": {
            "count": 8400344,
            "rate": 139952.22766768778
        },
        "violation_60ms": {
            "passes": 9848,
            "fails": 0,
            "thresholds": {
                "rate<0.20": true
            },
            "value": 1
        },
        "iteration_duration": {
            "p(95)": 121.32389705,
            "p(99)": 121.56017366,
            "avg": 121.88759536433773,
            "min": 120.252628,
            "med": 120.9742605,
            "max": 604.367564,
            "p(90)": 121.2469849
        },
        "http_req_failed": {
            "passes": 0,
            "fails": 9848,
            "thresholds": {
                "rate<0.01": false
            },
            "value": 0
        },
        "http_req_receiving": {
            "min": 0.006336,
            "med": 0.033551,
            "max": 38.515122,
            "p(90)": 0.06254790000000003,
            "p(95)": 0.09646739999999983,
            "p(99)": 0.256741500000001,
            "avg": 0.04666113241267242
        },
        "http_req_duration": {
            "p(95)": 121.23714885,
            "p(99)": 121.41841065,
            "avg": 121.796611883124,
            "min": 120.220693,
            "med": 120.8794935,
            "max": 604.118149,
            "p(90)": 121.1523237,
            "thresholds": {
                "p(95)<200": false,
                "p(99)<500": false
            }
        }
    },
    "root_group": {
        "id": "d41d8cd98f00b204e9800998ecf8427e",
        "groups": {},
        "checks": {
                "status is 200": {
                    "path": "::status is 200",
                    "id": "6210a8cd14cd70477eba5c5e4cb3fb5f",
                    "passes": 9848,
                    "fails": 0,
                    "name": "status is 200"
                }
            },
        "name": "",
        "path": ""
    }
}