{
    "root_group": {
        "groups": {},
        "checks": {
                "status is 200": {
                    "passes": 9862,
                    "fails": 0,
                    "name": "status is 200",
                    "path": "::status is 200",
                    "id": "6210a8cd14cd70477eba5c5e4cb3fb5f"
                }
            },
        "name": "",
        "path": "",
        "id": "d41d8cd98f00b204e9800998ecf8427e"
    },
    "metrics": {
        "http_req_tls_handshaking": {
            "p(90)": 0,
            "p(95)": 0,
            "p(99)": 0,
            "avg": 0,
            "min": 0,
            "med": 0,
            "max": 0
        },
        "iteration_duration": {
            "p(95)": 121.13119,
            "p(99)": 121.31193358,
            "avg": 121.75772916386143,
            "min": 120.285428,
            "med": 120.8787885,
            "max": 603.185508,
            "p(90)": 121.0638955
        },
        "violation_60ms": {
            "passes": 9862,
            "fails": 0,
            "thresholds": {
                "rate<0.20": true
            },
            "value": 1
        },
        "http_req_failed": {
            "fails": 9862,
            "passes": 0,
            "thresholds": {
                "rate<0.01": false
            },
            "value": 0
        },
        "vus_max": {
            "value": 20,
            "min": 20,
            "max": 20
        },
        "http_req_duration": {
            "p(99)": 121.18448586,
            "avg": 121.66244529517391,
            "min": 120.245165,
            "med": 120.78715,
            "max": 602.972982,
            "p(90)": 120.957402,
            "p(95)": 121.01599734999999,
            "thresholds": {
                "p(99)<500": false,
                "p(95)<200": false
            }
        },
        "http_req_receiving": {
            "avg": 0.04232395355911586,
            "min": 0.008442,
            "med": 0.036157499999999995,
            "max": 0.680908,
            "p(90)": 0.0625906,
            "p(95)": 0.07756964999999999,
            "p(99)": 0.16619975999999972
        },
        "data_sent": {
            "count": 690340,
            "rate": 11488.662710389399
        },
        "data_received": {
            "count": 8412286,
            "rate": 139997.5613137451
        },
        "http_req_sending": {
            "p(99)": 0.06012107999999961,
            "avg": 0.009643339991887972,
            "min": 0.001911,
            "med": 0.007669,
            "max": 0.424397,
            "p(90)": 0.011488899999999998,
            "p(95)": 0.013263799999999996
        },
        "http_req_waiting": {
            "avg": 121.61047800162217,
            "min": 120.224103,
            "med": 120.736036,
            "max": 602.861764,
            "p(90)": 120.9035407,
            "p(95)": 120.95727275,
            "p(99)": 121.11655093
        },
        "http_reqs": {
            "count": 9862,
            "rate": 164.12375300556283
        },
        "checks": {
            "passes": 9862,
            "fails": 0,
            "value": 1
        },
        "violation_100ms": {
            "passes": 9862,
            "fails": 0,
            "thresholds": {
                "rate<0.05": true
            },
            "value": 1
        },
        "iterations": {
            "count": 9862,
            "rate": 164.12375300556283
        },
        "http_req_connecting": {
            "avg": 0.00016752433583451634,
            "min": 0,
            "med": 0,
            "max": 0.185996,
            "p(90)": 0,
            "p(95)": 0,
            "p(99)": 0
        },
        "http_req_blocked": {
            "p(99)": 0.012187029999999955,
            "avg": 0.003314688704116786,
            "min": 0.000579,
            "med": 0.002581,
            "max": 0.342729,
            "p(90)": 0.003773,
            "p(95)": 0.004319
        },
        "vus": {
            "value": 20,
            "min": 20,
            "max": 20
        },
        "violation_80ms": {
            "passes": 9862,
            "fails": 0,
            "thresholds": {
                "rate<0.10": true
            },
            "value": 1
        },
        "http_req_duration{expected_response:true}": {
            "min": 120.245165,
            "med": 120.78715,
            "max": 602.972982,
            "p(90)": 120.957402,
            "p(95)": 121.01599734999999,
            "p(99)": 121.18448586,
            "avg": 121.66244529517391
        }
    }
}