{
    "root_group": {
        "name": "",
        "path": "",
        "id": "d41d8cd98f00b204e9800998ecf8427e",
        "groups": {},
        "checks": {
                "status is 200": {
                    "passes": 9861,
                    "fails": 0,
                    "name": "status is 200",
                    "path": "::status is 200",
                    "id": "6210a8cd14cd70477eba5c5e4cb3fb5f"
                }
            }
    },
    "metrics": {
        "data_sent": {
            "count": 690270,
            "rate": 11485.629370137234
        },
        "http_req_receiving": {
            "p(95)": 0.128134,
            "p(99)": 0.2706857999999995,
            "avg": 0.052542297738565696,
            "min": 0.007015,
            "med": 0.03291,
            "max": 79.976917,
            "p(90)": 0.068103
        },
        "vus_max": {
            "value": 20,
            "min": 20,
            "max": 20
        },
        "http_req_failed": {
            "passes": 0,
            "fails": 9861,
            "thresholds": {
                "rate<0.01": false
            },
            "value": 0
        },
        "violation_100ms": {
            "passes": 9861,
            "fails": 0,
            "thresholds": {
                "rate<0.05": true
            },
            "value": 1
        },
        "violation_80ms": {
            "passes": 9861,
            "fails": 0,
            "thresholds": {
                "rate<0.10": true
            },
            "value": 1
        },
        "http_req_sending": {
            "avg": 0.010006304533008823,
            "min": 0.001831,
            "med": 0.007019,
            "max": 0.597118,
            "p(90)": 0.01203,
            "p(95)": 0.014409,
            "p(99)": 0.08046179999999933
        },
        "iterations": {
            "count": 9861,
            "rate": 164.08041957338907
        },
        "http_req_connecting": {
            "avg": 0.000336702058614745,
            "min": 0,
            "med": 0,
            "max": 0.314251,
            "p(90)": 0,
            "p(95)": 0,
            "p(99)": 0
        },
        "http_req_blocked": {
            "max": 0.343585,
            "p(90)": 0.003978,
            "p(95)": 0.004519,
            "p(99)": 0.010361599999999914,
            "avg": 0.0032218386573369903,
            "min": 0.00057,
            "med": 0.002471
        },
        "http_req_tls_handshaking": {
            "p(99)": 0,
            "avg": 0,
            "min": 0,
            "med": 0,
            "max": 0,
            "p(90)": 0,
            "p(95)": 0
        },
        "http_req_waiting": {
            "p(95)": 121.211433,
            "p(99)": 121.4137384,
            "avg": 121.72240485609971,
            "min": 120.287882,
            "med": 120.923842,
            "max": 523.927038,
            "p(90)": 121.140692
        },
        "violation_60ms": {
            "passes": 9861,
            "fails": 0,
            "thresholds": {
                "rate<0.20": true
            },
            "value": 1
        },
        "data_received": {
            "count": 8411433,
            "rate": 139960.59789610087
        },
        "http_reqs": {
            "count": 9861,
            "rate": 164.08041957338907
        },
        "iteration_duration": {
            "max": 524.667694,
            "p(90)": 121.290296,
            "p(95)": 121.384395,
            "p(99)": 121.6773134,
            "avg": 121.87955275621151,
            "min": 120.366533,
            "med": 121.064566
        },
        "checks": {
            "passes": 9861,
            "fails": 0,
            "value": 1
        },
        "vus": {
            "min": 20,
            "max": 20,
            "value": 20
        },
        "http_req_duration{expected_response:true}": {
            "med": 120.975645,
            "max": 524.054544,
            "p(90)": 121.192542,
            "p(95)": 121.273213,
            "p(99)": 121.5045566,
            "avg": 121.78495345837128,
            "min": 120.314554
        },
        "http_req_duration": {
            "avg": 121.78495345837128,
            "min": 120.314554,
            "med": 120.975645,
            "max": 524.054544,
            "p(90)": 121.192542,
            "p(95)": 121.273213,
            "p(99)": 121.5045566,
            "thresholds": {
                "p(95)<200": false,
                "p(99)<500": false
            }
        }
    }
}