{
    "metrics": {
        "violation_80ms": {
            "passes": 9863,
            "fails": 0,
            "thresholds": {
                "rate<0.10": true
            },
            "value": 1
        },
        "iteration_duration": {
            "max": 603.862022,
            "p(90)": 120.9886482,
            "p(95)": 121.0569438,
            "p(99)": 121.36773031999999,
            "avg": 121.70027124485433,
            "min": 120.302147,
            "med": 120.838726
        },
        "http_req_duration": {
            "avg": 121.607870253371,
            "min": 120.255482,
            "med": 120.75176,
            "max": 603.523047,
            "p(90)": 120.888183,
            "p(95)": 120.9461096,
            "p(99)": 121.21294522,
            "thresholds": {
                "p(95)<200": false,
                "p(99)<500": false
            }
        },
        "violation_60ms": {
            "passes": 9863,
            "fails": 0,
            "thresholds": {
                "rate<0.20": true
            },
            "value": 1
        },
        "http_req_sending": {
            "p(99)": 0.052949859999999564,
            "avg": 0.008972233600324462,
            "min": 0.002216,
            "med": 0.007337,
            "max": 0.446936,
            "p(90)": 0.010438,
            "p(95)": 0.011854899999999998
        },
        "http_reqs": {
            "count": 9863,
            "rate": 164.2453435578288
        },
        "http_req_duration{expected_response:true}": {
            "min": 120.255482,
            "med": 120.75176,
            "max": 603.523047,
            "p(90)": 120.888183,
            "p(95)": 120.9461096,
            "p(99)": 121.21294522,
            "avg": 121.607870253371
        },
        "http_req_connecting": {
            "p(99)": 0,
            "avg": 0.0002227126634898104,
            "min": 0,
            "med": 0,
            "max": 0.196436,
            "p(90)": 0,
            "p(95)": 0
        },
        "http_req_waiting": {
            "med": 120.70371,
            "max": 603.455524,
            "p(90)": 120.837892,
            "p(95)": 120.891141,
            "p(99)": 121.09785828,
            "avg": 121.5540607330423,
            "min": 120.227481
        },
        "http_req_receiving": {
            "med": 0.035122,
            "max": 40.200084,
            "p(90)": 0.0580918,
            "p(95)": 0.07026799999999994,
            "p(99)": 0.16629685999999932,
            "avg": 0.04483728672817594,
            "min": 0.009418
        },
        "http_req_tls_handshaking": {
            "max": 0,
            "p(90)": 0,
            "p(95)": 0,
            "p(99)": 0,
            "avg": 0,
            "min": 0,
            "med": 0
        },
        "data_received": {
            "count": 8413139,
            "rate": 140101.27805482797
        },
        "vus": {
            "value": 20,
            "min": 20,
            "max": 20
        },
        "checks": {
            "passes": 9863,
            "fails": 0,
            "value": 1
        },
        "data_sent": {
            "count": 690410,
            "rate": 11497.174049048015
        },
        "http_req_blocked": {
            "med": 0.002518,
            "max": 0.302158,
            "p(90)": 0.00347,
            "p(95)": 0.003969899999999999,
            "p(99)": 0.0072429399999999495,
            "avg": 0.0032174282672614843,
            "min": 0.000696
        },
        "vus_max": {
            "value": 20,
            "min": 20,
            "max": 20
        },
        "http_req_failed": {
            "passes": 0,
            "fails": 9863,
            "thresholds": {
                "rate<0.01": false
            },
            "value": 0
        },
        "iterations": {
            "rate": 164.2453435578288,
            "count": 9863
        },
        "violation_100ms": {
            "fails": 0,
            "passes": 9863,
            "thresholds": {
                "rate<0.05": true
            },
            "value": 1
        }
    },
    "root_group": {
        "name": "",
        "path": "",
        "id": "d41d8cd98f00b204e9800998ecf8427e",
        "groups": {},
        "checks": {
                "status is 200": {
                    "fails": 0,
                    "name": "status is 200",
                    "path": "::status is 200",
                    "id": "6210a8cd14cd70477eba5c5e4cb3fb5f",
                    "passes": 9863
                }
            }
    }
}